Rk,Player,Age,Team,Pos,G,GS,MP,FG,FGA,FG%,3P,3PA,3P%,2P,2PA,2P%,eFG%,FT,FTA,FT%,ORB,DRB,TRB,AST,STL,BLK,TOV,PF,PTS,Trp-Dbl,Awards,Player-additional
1,James Harden,29,HOU,PG,78,78,2867,843,1909,.442,378,1028,.368,465,881,.528,.541,754,858,.879,66,452,518,586,158,58,387,244,2818,7,MVP-2ASNBA1,hardeja01
2,Paul George,28,OKC,SF,77,77,2841,707,1614,.438,292,757,.386,415,857,.484,.529,453,540,.839,105,523,628,318,170,34,205,214,2159,1,MVP-3DPOY-3ASNBA1DEF1,georgpa01
3,Kemba Walker,28,CHO,PG,82,82,2863,731,1684,.434,260,731,.356,471,953,.494,.511,380,450,.844,52,309,361,484,102,34,211,131,2102,0,ASNBA3,walkeke02
4,Bradley Beal,25,WAS,SG,82,82,3028,764,1609,.475,209,596,.351,555,1013,.548,.540,362,448,.808,89,322,411,448,121,58,224,226,2099,2,AS,bealbr01
5,Damian Lillard,28,POR,PG,80,80,2838,681,1533,.444,237,643,.369,444,890,.499,.522,468,513,.912,68,303,371,551,88,34,212,148,2067,0,MVP-6ASNBA2,lillada01
6,Kevin Durant,30,GSW,SF,78,78,2702,721,1383,.521,137,388,.353,584,995,.587,.571,448,506,.885,33,464,497,457,58,84,225,155,2027,2,MVP-8ASNBA2,duranke01
7,Giannis Antetokounmpo,24,MIL,PF,72,72,2358,721,1247,.578,52,203,.256,669,1044,.641,.599,500,686,.729,159,739,898,424,92,110,268,232,1994,5,MVP-1DPOY-2ASNBA1DEF1,antetgi01
8,Stephen Curry,30,GSW,PG,69,69,2331,632,1340,.472,354,810,.437,278,530,.525,.604,263,287,.916,45,324,369,361,92,25,192,166,1881,0,MVP-5ASNBA1,curryst01
9,Karl-Anthony Towns,23,MIN,C,77,77,2545,681,1314,.518,142,355,.400,539,959,.562,.572,376,450,.836,263,691,954,259,67,125,240,292,1880,0,AS,townska01
10,Blake Griffin,29,DET,PF,75,75,2622,619,1341,.462,189,522,.362,430,819,.525,.532,414,550,.753,100,465,565,402,52,28,253,199,1841,2,ASNBA3,griffbl01
11,Donovan Mitchell,22,UTA,SG,77,77,2598,661,1530,.432,188,519,.362,473,1011,.468,.493,319,396,.806,59,257,316,322,106,31,218,208,1829,0,,mitchdo01
12,Joel Embiid,24,PHI,C,64,64,2154,580,1199,.484,79,263,.300,501,936,.535,.517,522,649,.804,160,711,871,234,46,122,226,211,1761,2,MVP-7DPOY-4ASNBA2DEF2,embiijo01
13,LaMarcus Aldridge,33,SAS,C,81,81,2687,684,1319,.519,10,42,.238,674,1277,.528,.522,349,412,.847,251,493,744,194,43,107,144,179,1727,0,AS,aldrila01
14,D'Angelo Russell,22,BRK,PG,81,81,2448,659,1517,.434,234,635,.369,425,882,.482,.512,160,205,.780,53,262,315,563,100,20,253,141,1712,0,AS,russeda01
15,Devin Booker,22,PHO,SG,64,64,2242,586,1255,.467,135,414,.326,451,841,.536,.521,393,454,.866,39,226,265,433,56,13,264,200,1700,0,,bookede01
16,Buddy Hield,26,SAC,SG,82,82,2615,623,1360,.458,278,651,.427,345,709,.487,.560,171,193,.886,106,306,412,205,58,33,146,202,1695,0,,hieldbu01
17,Klay Thompson,28,GSW,SG,78,78,2652,655,1402,.467,241,599,.402,414,803,.516,.553,129,158,.816,37,262,299,186,84,47,115,157,1680,0,ASDEF2,thompkl01
18,Russell Westbrook,30,OKC,PG,73,73,2630,630,1473,.428,119,411,.290,511,1062,.481,.468,296,451,.656,109,698,807,784,142,33,325,245,1675,34,MVP-10ASNBA3,westbru01
19,Nikola Vučević,28,ORL,C,80,80,2510,701,1354,.518,84,231,.364,617,1123,.549,.549,179,227,.789,224,736,960,307,81,89,159,157,1665,1,AS,vucevni01
20,Tobias Harris,26,2TM,PF,82,82,2847,611,1254,.487,156,393,.397,455,861,.528,.549,266,307,.866,69,576,645,229,51,37,151,184,1644,0,,harrito02
20,Tobias Harris,26,LAC,PF,55,55,1903,424,855,.496,112,258,.434,312,597,.523,.561,192,219,.877,37,395,432,150,40,24,109,123,1152,0,,harrito02
20,Tobias Harris,26,PHI,PF,27,27,944,187,399,.469,44,135,.326,143,264,.542,.524,74,88,.841,32,181,213,79,11,13,42,61,492,0,,harrito02
21,DeMar DeRozan,29,SAS,SG,77,77,2688,631,1313,.481,7,45,.156,624,1268,.492,.483,366,441,.830,54,408,462,475,86,36,199,177,1635,1,,derozde01
22,Nikola Jokić,23,DEN,C,80,80,2504,616,1206,.511,83,270,.307,533,936,.569,.545,289,352,.821,228,637,865,580,108,55,248,228,1604,12,MVP-4ASNBA1,jokicni01
23,Kyrie Irving,26,BOS,PG,67,67,2214,604,1241,.487,174,434,.401,430,807,.533,.557,214,245,.873,71,264,335,464,103,34,172,167,1596,1,ASNBA2,irvinky01
24,Kawhi Leonard,27,TOR,SF,60,60,2040,560,1129,.496,112,302,.371,448,827,.542,.546,364,426,.854,78,361,439,199,106,24,121,87,1596,0,MVP-9DPOY-6ASNBA2DEF2,leonaka01
25,Julius Randle,24,NOP,PF,73,49,2232,571,1089,.524,67,195,.344,504,894,.564,.555,356,487,.731,162,472,634,229,52,45,208,246,1565,1,,randlju01
26,Trae Young,20,ATL,PG,81,81,2503,525,1256,.418,156,482,.324,369,774,.477,.480,343,414,.829,64,237,301,653,72,15,308,140,1549,1,ROY-2,youngtr01
27,Luka Dončić,19,DAL,SG,72,72,2318,506,1186,.427,168,514,.327,338,672,.503,.497,346,485,.713,86,477,563,429,77,25,247,137,1526,8,ROY-1,doncilu01
28,LeBron James,34,LAL,SF,55,55,1937,558,1095,.510,111,327,.339,447,768,.582,.560,278,418,.665,57,408,465,454,72,33,197,94,1505,8,MVP-11ASNBA3,jamesle01
29,Lou Williams,32,LAC,SG,75,1,1993,484,1138,.425,105,291,.361,379,847,.447,.471,425,485,.876,40,182,222,402,57,11,181,80,1498,1,6MOY-1,willilo02
30,Zach LaVine,23,CHI,SG,63,62,2171,530,1135,.467,120,321,.374,410,814,.504,.520,312,375,.832,40,254,294,283,60,26,215,140,1492,0,,lavinza01
31,Mike Conley,31,MEM,PG,70,70,2342,490,1120,.438,155,426,.364,335,694,.483,.507,343,406,.845,40,199,239,449,94,22,130,123,1478,0,,conlemi01
32,CJ McCollum,27,POR,SG,70,70,2375,571,1243,.459,167,445,.375,404,798,.506,.527,159,192,.828,62,220,282,207,55,28,106,172,1468,1,,mccolcj01
33,Bojan Bogdanović,29,IND,SF,81,81,2573,522,1051,.497,164,386,.425,358,665,.538,.575,246,305,.807,33,300,333,161,69,1,134,138,1454,0,,bogdabo02
34,Anthony Davis,25,NOP,C,56,56,1850,530,1026,.517,48,145,.331,482,881,.547,.540,344,433,.794,174,498,672,218,88,135,112,132,1452,0,AS,davisan02
35,Jrue Holiday,28,NOP,SG,67,67,2402,547,1159,.472,118,363,.325,429,796,.539,.523,208,271,.768,75,259,334,518,109,54,210,148,1420,0,DEF2,holidjr01
36,Khris Middleton,27,MIL,SF,77,77,2393,506,1148,.441,179,474,.378,327,674,.485,.519,216,258,.837,50,411,461,331,80,7,174,172,1407,0,AS,middlkh01
37,De'Aaron Fox,21,SAC,PG,81,81,2546,505,1102,.458,86,232,.371,419,870,.482,.497,303,417,.727,43,261,304,590,133,45,227,204,1399,1,,foxde01
38,JJ Redick,34,PHI,SG,76,63,2379,452,1027,.440,240,605,.397,212,422,.502,.557,228,255,.894,20,166,186,206,32,17,101,129,1372,0,,redicjj01
39,Collin Sexton,20,CLE,PG,82,72,2605,519,1206,.430,119,296,.402,400,910,.440,.480,214,255,.839,57,179,236,243,44,6,185,186,1371,0,ROY-5,sextoco01
40,Andre Drummond,25,DET,C,79,79,2647,561,1052,.533,5,38,.132,556,1014,.548,.536,243,412,.590,423,809,1232,112,136,138,175,272,1370,0,,drumman01
41,Jamal Murray,21,DEN,PG,75,74,2447,513,1173,.437,152,414,.367,361,759,.476,.502,189,223,.848,65,252,317,363,67,27,158,153,1367,0,,murraja01
42,Jordan Clarkson,26,CLE,SG,81,0,2214,529,1180,.448,144,445,.324,385,735,.524,.509,162,192,.844,82,188,270,196,57,13,135,112,1364,0,,clarkjo01
43,Montrezl Harrell,25,LAC,C,82,5,2158,546,888,.615,3,17,.176,543,871,.623,.617,266,414,.643,184,351,535,162,71,110,132,255,1361,0,6MOY-3,harremo01
44,Pascal Siakam,24,TOR,PF,80,79,2548,519,945,.549,79,214,.369,440,731,.602,.591,237,302,.785,124,425,549,248,73,52,154,241,1354,0,MIP-1,siakapa01
45,Danilo Gallinari,30,LAC,SF,68,68,2059,409,884,.463,161,372,.433,248,512,.484,.554,367,406,.904,54,363,417,178,49,23,99,129,1346,0,,gallida01
46,Ben Simmons,22,PHI,PG,79,79,2700,540,960,.563,0,6,.000,540,954,.566,.563,257,428,.600,172,525,697,610,112,61,274,209,1337,10,AS,simmobe01
47,Andrew Wiggins,23,MIN,SF,73,73,2543,498,1209,.412,118,348,.339,380,861,.441,.461,207,296,.699,83,269,352,184,70,48,138,153,1321,0,,wiggian01
48,Kyle Kuzma,23,LAL,PF,70,68,2314,496,1087,.456,128,422,.303,368,665,.553,.515,188,250,.752,60,322,382,178,41,26,133,170,1308,0,,kuzmaky01
49,Rudy Gobert,26,UTA,C,81,80,2577,476,712,.669,0,0,,476,712,.669,.669,332,522,.636,309,732,1041,161,66,187,130,231,1284,0,MVP-11DPOY-1NBA3DEF1,goberru01
50,Harrison Barnes,26,2TM,PF,77,77,2533,431,1027,.420,174,441,.395,257,586,.439,.504,229,278,.824,57,304,361,115,50,13,98,122,1265,0,,barneha02
50,Harrison Barnes,26,DAL,PF,49,49,1584,290,717,.404,121,311,.389,169,406,.416,.489,165,198,.833,36,171,207,62,33,11,68,79,866,0,,barneha02
50,Harrison Barnes,26,SAC,SF,28,28,949,141,310,.455,53,130,.408,88,180,.489,.540,64,80,.800,21,133,154,53,17,2,30,43,399,0,,barneha02
51,Reggie Jackson,28,DET,PG,82,82,2289,441,1047,.421,174,471,.369,267,576,.464,.504,204,236,.864,45,171,216,344,55,9,148,208,1260,0,,jacksre01
52,Aaron Gordon,23,ORL,PF,78,78,2633,470,1046,.449,121,347,.349,349,699,.499,.507,185,253,.731,129,445,574,289,57,56,162,172,1246,0,,gordoaa01
53,Jayson Tatum,20,BOS,SF,79,79,2455,466,1036,.450,116,311,.373,350,725,.483,.506,195,228,.855,70,407,477,168,84,57,122,168,1243,0,,tatumja01
54,Eric Bledsoe,29,MIL,PG,78,78,2272,470,971,.484,124,377,.329,346,594,.582,.548,177,236,.750,82,280,362,430,116,29,165,156,1241,1,DEF1,bledser01
55,Evan Fournier,26,ORL,SG,81,81,2553,468,1069,.438,153,450,.340,315,619,.509,.509,137,170,.806,38,220,258,295,71,12,154,225,1226,0,,fournev01
56,Dennis Schröder,25,OKC,PG,79,14,2314,457,1104,.414,124,364,.341,333,740,.450,.470,186,227,.819,38,246,284,323,65,12,172,189,1224,0,6MOY-8,schrode01
57,Terrence Ross,27,ORL,SG,81,0,2150,440,1027,.428,217,566,.383,223,461,.484,.534,126,144,.875,27,253,280,135,72,29,90,119,1223,0,6MOY-5,rosste01
58,Jimmy Butler,29,2TM,SG,65,65,2185,418,904,.462,67,193,.347,351,711,.494,.499,312,365,.855,121,221,342,263,123,39,95,111,1215,0,,butleji01
58,Jimmy Butler,29,MIN,SG,10,10,361,74,157,.471,17,45,.378,57,112,.509,.525,48,61,.787,16,36,52,43,24,10,14,18,213,0,,butleji01
58,Jimmy Butler,29,PHI,SF,55,55,1824,344,747,.461,50,148,.338,294,599,.491,.494,264,304,.868,105,185,290,220,99,29,81,93,1002,0,,butleji01
59,Josh Richardson,25,MIA,SG,73,73,2539,423,1026,.412,164,460,.357,259,566,.458,.492,199,231,.861,54,209,263,298,79,34,113,200,1209,0,,richajo01
60,Jeremy Lamb,26,CHO,SG,79,55,2250,431,979,.440,115,330,.348,316,649,.487,.499,231,260,.888,65,369,434,172,88,32,80,140,1208,0,,lambje01
61,John Collins,21,ATL,PF,61,59,1829,465,831,.560,55,158,.348,410,673,.609,.593,203,266,.763,219,376,595,121,22,39,120,199,1188,0,,collijo01
62,Tim Hardaway Jr.,26,2TM,SG,65,63,2057,390,993,.393,162,477,.340,228,516,.442,.474,232,276,.841,33,189,222,159,54,8,105,141,1174,0,,hardati02
62,Tim Hardaway Jr.,26,NYK,SG,46,46,1499,282,726,.388,117,337,.347,165,389,.424,.469,199,233,.854,26,135,161,122,42,6,81,106,880,0,,hardati02
62,Tim Hardaway Jr.,26,DAL,SG,19,17,558,108,267,.404,45,140,.321,63,127,.496,.489,33,43,.767,7,54,61,37,12,2,24,35,294,0,,hardati02
63,Deandre Ayton,20,PHO,C,71,70,2183,509,870,.585,0,4,.000,509,866,.588,.585,141,189,.746,223,506,729,125,61,67,126,209,1159,0,ROY-3,aytonde01
64,Spencer Dinwiddie,25,BRK,PG,68,4,1914,366,828,.442,124,370,.335,242,458,.528,.517,287,356,.806,26,140,166,311,40,17,152,187,1143,0,6MOY-4,dinwisp01
65,Jusuf Nurkić,24,POR,C,72,72,1974,420,826,.508,3,29,.103,417,797,.523,.510,282,365,.773,243,505,748,233,71,103,168,250,1125,1,,nurkiju01
66,Clint Capela,24,HOU,C,67,67,2249,474,732,.648,0,0,,474,732,.648,.648,166,261,.636,298,550,848,96,44,102,94,168,1114,0,,capelca01
67,Serge Ibaka,29,TOR,C,74,51,2010,464,877,.529,49,169,.290,415,708,.586,.557,135,177,.763,156,445,601,99,29,103,114,211,1112,0,,ibakase01
68,Steven Adams,25,OKC,C,80,80,2669,481,809,.595,0,2,.000,481,807,.596,.595,146,292,.500,391,369,760,124,117,76,135,204,1108,0,,adamsst01
69,Eric Gordon,30,HOU,SG,68,53,2158,384,938,.409,216,600,.360,168,338,.497,.525,119,152,.783,17,131,148,129,41,27,90,143,1103,0,,gordoer01
70,Jerami Grant,24,OKC,PF,80,77,2612,409,823,.497,115,293,.392,294,530,.555,.567,157,221,.710,96,321,417,79,61,100,67,214,1090,0,,grantje01
71,Dwyane Wade,37,MIA,SG,72,2,1885,416,960,.433,86,261,.330,330,699,.472,.478,165,233,.708,69,216,285,301,59,38,166,118,1083,1,6MOY-7AS,wadedw01
72,Marc Gasol,34,2TM,C,79,72,2436,390,870,.448,99,273,.363,291,597,.487,.505,192,253,.759,80,547,627,349,84,86,155,217,1071,1,,gasolma01
72,Marc Gasol,34,MEM,C,53,53,1788,303,683,.444,76,221,.344,227,462,.491,.499,152,201,.756,56,399,455,248,60,63,119,147,834,1,,gasolma01
72,Marc Gasol,34,TOR,C,26,19,648,87,187,.465,23,52,.442,64,135,.474,.527,40,52,.769,24,148,172,101,24,23,36,70,237,0,,gasolma01
73,Kelly Oubre Jr.,23,2TM,SF,69,19,1935,375,842,.445,108,338,.320,267,504,.530,.510,189,244,.775,71,254,325,84,84,59,103,181,1047,0,,oubreke01
73,Kelly Oubre Jr.,23,WAS,SF,29,7,755,132,305,.433,41,132,.311,91,173,.526,.500,68,85,.800,24,105,129,20,27,20,30,71,373,0,,oubreke01
73,Kelly Oubre Jr.,23,PHO,SF,40,12,1180,243,537,.453,67,206,.325,176,331,.532,.515,121,159,.761,47,149,196,64,57,39,73,110,674,0,,oubreke01
74,Marcus Morris,29,BOS,PF,75,53,2091,377,844,.447,146,389,.375,231,455,.508,.533,146,173,.844,76,382,458,109,43,25,92,181,1046,0,,morrima03
75,Domantas Sabonis,22,IND,C,74,5,1838,413,700,.590,9,17,.529,404,683,.592,.596,208,291,.715,186,504,690,212,48,30,160,239,1043,0,6MOY-2,sabondo01
76,Joe Harris,27,BRK,SG,76,76,2293,374,748,.500,183,386,.474,191,362,.528,.622,110,133,.827,52,239,291,181,38,17,121,182,1041,0,,harrijo01
77,Thaddeus Young,30,IND,PF,81,81,2489,443,841,.527,51,146,.349,392,695,.564,.557,87,135,.644,192,331,523,204,123,36,123,194,1024,0,,youngth01
78,Brook Lopez,30,MIL,C,81,81,2322,355,786,.452,187,512,.365,168,274,.613,.571,112,133,.842,33,363,396,98,51,179,82,189,1009,0,,lopezbr01
79,Malcolm Brogdon,26,MIL,SG,64,64,1832,378,748,.505,104,244,.426,274,504,.544,.575,141,152,.928,65,223,288,205,46,13,91,102,1001,0,,brogdma01
80,Joe Ingles,31,UTA,PF,82,82,2568,359,802,.448,189,483,.391,170,319,.533,.565,87,123,.707,35,295,330,469,98,20,193,180,994,0,,inglejo01
81,Cedi Osman,23,CLE,SF,76,75,2444,360,844,.427,130,374,.348,230,470,.489,.504,141,181,.779,45,312,357,195,60,11,114,195,991,0,,osmande01
82,Bogdan Bogdanović,26,SAC,SG,70,17,1947,361,863,.418,134,372,.360,227,491,.462,.496,134,162,.827,40,203,243,267,72,15,117,142,990,0,,bogdabo01
83,Myles Turner,22,IND,C,74,74,2119,380,780,.487,76,196,.388,304,584,.521,.536,148,201,.736,101,430,531,115,60,199,100,195,984,0,DPOY-5,turnemy01
84,Lauri Markkanen,21,CHI,PF,52,51,1682,342,795,.430,120,332,.361,222,463,.479,.506,170,195,.872,74,396,470,75,37,33,85,122,974,0,,markkla01
85,Bryn Forbes,25,SAS,SG,82,81,2293,361,791,.456,176,413,.426,185,378,.489,.568,69,78,.885,18,221,239,175,45,4,80,159,967,0,,forbebr01
86,Willie Cauley-Stein,25,SAC,C,81,81,2213,412,741,.556,1,2,.500,411,739,.556,.557,140,254,.551,181,497,678,194,96,51,84,227,965,0,,caulewi01
87,Jaylen Brown,22,BOS,SG,74,25,1913,368,792,.465,95,276,.344,273,516,.529,.525,133,202,.658,65,248,313,100,69,32,99,186,964,0,,brownja02
88,Kevin Knox,19,NYK,PF,75,57,2158,338,914,.370,125,364,.343,213,550,.387,.438,162,226,.717,61,274,335,82,43,24,114,175,963,0,,knoxke01
89,Jae Crowder,28,UTA,SF,80,11,2166,318,797,.399,173,522,.331,145,275,.527,.508,142,197,.721,60,324,384,133,64,31,85,170,951,0,6MOY-11,crowdja01
90,Brandon Ingram,21,LAL,SF,52,52,1760,362,729,.497,31,94,.330,331,635,.521,.518,195,289,.675,41,226,267,154,28,31,129,149,950,0,,ingrabr01
91,D.J. Augustin,31,ORL,PG,81,81,2269,318,677,.470,131,311,.421,187,366,.511,.566,181,209,.866,41,162,203,426,52,4,128,115,948,0,,augusdj01
92,Rudy Gay,32,SAS,PF,69,51,1842,376,746,.504,74,184,.402,302,562,.537,.554,120,147,.816,63,407,470,182,54,34,114,159,946,0,,gayru01
93,Jeff Green,32,WAS,PF,77,44,2097,326,687,.475,111,320,.347,215,367,.586,.555,183,206,.888,57,252,309,137,43,39,101,160,946,0,,greenje02
94,Kentavious Caldwell-Pope,25,LAL,SG,82,23,2035,325,756,.430,151,435,.347,174,321,.542,.530,137,158,.867,48,190,238,110,73,13,65,137,938,0,,caldwke01
95,Jabari Parker,23,2TM,PF,64,17,1724,369,749,.493,61,195,.313,308,554,.556,.533,131,184,.712,79,342,421,152,46,30,151,145,930,0,,parkeja01
95,Jabari Parker,23,CHI,PF,39,17,1042,220,464,.474,37,114,.325,183,350,.523,.514,79,108,.731,41,200,241,84,23,14,84,87,556,0,,parkeja01
95,Jabari Parker,23,WAS,PF,25,0,682,149,285,.523,24,81,.296,125,204,.613,.565,52,76,.684,38,142,180,68,23,16,67,58,374,0,,parkeja01
96,Kyle Lowry,32,TOR,PG,65,65,2213,304,739,.411,157,453,.347,147,286,.514,.518,161,194,.830,41,271,312,564,91,31,182,166,926,2,AS,lowryky01
97,Al Horford,32,BOS,C,68,68,1973,387,723,.535,73,203,.360,314,520,.604,.586,78,95,.821,120,338,458,283,59,86,102,126,925,1,,horfoal01
98,Marvin Bagley III,19,SAC,PF,62,4,1567,356,706,.504,30,96,.313,326,610,.534,.525,181,262,.691,162,309,471,62,33,59,98,120,923,0,ROY-7,baglema01
99,Malik Beasley,22,DEN,SG,81,18,1879,349,737,.474,163,405,.402,186,332,.560,.584,56,66,.848,35,165,200,97,55,10,55,116,917,0,6MOY-11,beaslma01
100,Derrick Rose,30,MIN,PG,51,13,1392,363,753,.482,54,146,.370,309,607,.509,.518,137,160,.856,33,107,140,220,31,12,82,57,917,0,6MOY-6,rosede01
101,Enes Freedom,26,2TM,C,67,31,1640,375,683,.549,10,34,.294,365,649,.562,.556,155,197,.787,257,402,659,116,32,26,118,167,915,0,,kanteen01
101,Enes Freedom,26,NYK,C,44,23,1128,251,468,.536,7,22,.318,244,446,.547,.544,105,129,.814,171,290,461,84,18,17,79,106,614,0,,kanteen01
101,Enes Freedom,26,POR,C,23,8,512,124,215,.577,3,12,.250,121,203,.596,.584,50,68,.735,86,112,198,32,14,9,39,61,301,0,,kanteen01
102,Josh Jackson,21,PHO,SG,79,29,1988,347,841,.413,73,225,.324,274,616,.445,.456,143,213,.671,66,281,347,183,74,56,173,209,910,0,,jacksjo02
103,Chris Paul,33,HOU,PG,58,58,1857,302,720,.419,127,355,.358,175,365,.479,.508,175,203,.862,36,229,265,473,114,18,152,146,906,1,,paulch01
104,Derrick Favors,27,UTA,C,76,70,1766,363,619,.586,17,78,.218,346,541,.640,.600,154,228,.675,207,353,560,89,56,106,84,163,897,0,,favorde01
105,JaVale McGee,31,LAL,C,75,62,1671,400,641,.624,1,12,.083,399,629,.634,.625,96,152,.632,195,371,566,52,47,148,108,208,897,0,,mcgeeja01
106,Shai Gilgeous-Alexander,20,LAC,PG,82,73,2174,341,716,.476,51,139,.367,290,577,.503,.512,156,195,.800,57,175,232,270,96,45,141,175,889,0,ROY-6,gilgesh01
107,Hassan Whiteside,29,MIA,C,72,53,1674,388,680,.571,2,16,.125,386,664,.581,.572,109,243,.449,257,560,817,56,46,136,97,192,887,0,,whiteha01
108,Paul Millsap,33,DEN,PF,70,65,1895,322,665,.484,58,159,.365,264,506,.522,.528,181,249,.727,153,352,505,141,83,54,95,183,883,0,,millspa01
109,Jarrett Allen,20,BRK,C,80,80,2096,335,568,.590,6,45,.133,329,523,.629,.595,197,278,.709,191,481,672,110,43,120,103,184,873,0,DPOY-9,allenja01
110,Emmanuel Mudiay,22,NYK,PG,59,42,1607,330,740,.446,69,210,.329,261,530,.492,.493,144,186,.774,33,163,196,228,43,19,140,103,873,0,,mudiaem01
111,Ricky Rubio,28,UTA,PG,68,67,1899,295,730,.404,79,254,.311,216,476,.454,.458,195,228,.855,33,210,243,416,91,10,180,180,864,0,,rubiori01
112,Trevor Ariza,33,2TM,SF,69,69,2349,294,736,.399,145,434,.334,149,302,.493,.498,130,164,.793,50,321,371,252,91,21,106,130,863,0,,arizatr01
112,Trevor Ariza,33,PHO,SF,26,26,884,86,227,.379,50,139,.360,36,88,.409,.489,36,43,.837,16,129,145,87,38,8,39,44,258,0,,arizatr01
112,Trevor Ariza,33,WAS,SF,43,43,1465,208,509,.409,95,295,.322,113,214,.528,.502,94,121,.777,34,192,226,165,53,13,67,86,605,0,,arizatr01
113,Dario Šarić,24,2TM,PF,81,41,2023,304,696,.437,118,323,.365,186,373,.499,.522,132,150,.880,126,331,457,127,45,9,97,182,858,0,,saricda01
113,Dario Šarić,24,PHI,PF,13,13,396,48,132,.364,21,70,.300,27,62,.435,.443,27,30,.900,21,65,86,26,4,3,25,39,144,0,,saricda01
113,Dario Šarić,24,MIN,PF,68,28,1627,256,564,.454,97,253,.383,159,311,.511,.540,105,120,.875,105,266,371,101,41,6,72,143,714,0,,saricda01
114,Justin Holiday,29,2TM,SG,82,77,2607,300,777,.386,162,465,.348,138,312,.442,.490,95,106,.896,46,277,323,146,121,36,104,164,857,0,,holidju01
114,Justin Holiday,29,CHI,SG,38,38,1325,151,394,.383,97,270,.359,54,124,.435,.506,41,46,.891,19,150,169,85,67,21,47,79,440,0,,holidju01
114,Justin Holiday,29,MEM,SG,44,39,1282,149,383,.389,65,195,.333,84,188,.447,.474,54,60,.900,27,127,154,61,54,15,57,85,417,0,,holidju01
115,Alex Len,25,ATL,C,77,31,1544,320,648,.494,74,204,.363,246,444,.554,.551,140,216,.648,158,266,424,86,27,69,97,200,854,0,,lenal01
116,Darren Collison,31,IND,PG,76,76,2143,308,659,.467,79,194,.407,229,465,.492,.527,158,190,.832,36,196,232,459,110,9,125,138,853,0,,collida01
117,Monte Morris,23,DEN,PG,82,6,1970,346,702,.493,94,227,.414,252,475,.531,.560,65,81,.802,35,159,194,297,73,4,52,102,851,0,6MOY-9,morrimo01
118,Wesley Matthews,32,3TM,SF,69,68,2091,279,698,.400,150,403,.372,129,295,.437,.507,132,163,.810,32,138,170,160,54,17,91,160,840,0,,matthwe02
118,Wesley Matthews,32,DAL,SF,44,44,1312,194,469,.414,100,263,.380,94,206,.456,.520,87,110,.791,20,82,102,100,33,12,58,102,575,0,,matthwe02
118,Wesley Matthews,32,NYK,SG,2,1,54,4,19,.211,2,10,.200,2,9,.222,.263,4,5,.800,1,2,3,5,1,1,2,2,14,0,,matthwe02
118,Wesley Matthews,32,IND,SG,23,23,725,81,210,.386,48,130,.369,33,80,.413,.500,41,48,.854,11,54,65,55,20,4,31,56,251,0,,matthwe02
119,Justise Winslow,22,MIA,SF,66,52,1959,324,749,.433,96,256,.375,228,493,.462,.497,86,137,.628,63,292,355,282,72,19,142,177,830,0,,winslju01
120,Marco Belinelli,32,SAS,SG,79,1,1815,285,690,.413,147,395,.372,138,295,.468,.520,112,124,.903,16,182,198,132,35,8,72,121,829,0,,belinma01
121,Gordon Hayward,28,BOS,PF,72,18,1863,296,635,.466,77,231,.333,219,404,.542,.527,156,187,.834,51,271,322,244,62,23,105,104,825,0,,haywago01
122,Danny Green,31,TOR,SG,80,80,2216,293,630,.465,198,435,.455,95,195,.487,.622,37,44,.841,60,257,317,126,73,53,75,171,821,0,,greenda02
123,Dwight Powell,27,DAL,C,77,22,1662,290,486,.597,39,127,.307,251,359,.699,.637,196,254,.772,140,271,411,112,44,50,67,201,815,0,,poweldw01
124,Patty Mills,30,SAS,PG,82,1,1908,282,663,.425,159,404,.394,123,259,.475,.545,88,103,.854,24,158,182,245,49,10,93,129,811,0,,millspa02
125,Rodney Hood,26,2TM,SG,72,49,1893,292,671,.435,84,236,.356,208,435,.478,.498,137,155,.884,25,132,157,126,59,12,55,146,805,0,,hoodro01
125,Rodney Hood,26,CLE,SG,45,45,1234,194,454,.427,55,152,.362,139,302,.460,.488,104,114,.912,18,94,112,92,38,5,36,101,547,0,,hoodro01
125,Rodney Hood,26,POR,SG,27,4,659,98,217,.452,29,84,.345,69,133,.519,.518,33,41,.805,7,38,45,34,21,7,19,45,258,0,,hoodro01
126,Jaren Jackson Jr.,19,MEM,PF,58,56,1515,298,589,.506,51,142,.359,247,447,.553,.549,151,197,.766,73,199,272,64,52,82,98,220,798,0,ROY-4,jacksja02
127,Kelly Olynyk,27,MIA,PF,79,36,1812,261,564,.463,113,319,.354,148,245,.604,.563,152,185,.822,72,303,375,140,53,37,114,183,787,0,,olynyke01
128,Otto Porter Jr.,25,2TM,SF,56,43,1683,299,643,.465,104,256,.406,195,387,.504,.546,78,96,.813,54,260,314,120,82,31,65,108,780,0,,porteot01
128,Otto Porter Jr.,25,WAS,SF,41,28,1191,202,442,.457,65,176,.369,137,266,.515,.531,49,64,.766,40,191,231,80,64,22,40,79,518,0,,porteot01
128,Otto Porter Jr.,25,CHI,SF,15,15,492,97,201,.483,39,80,.488,58,121,.479,.580,29,32,.906,14,69,83,40,18,9,25,29,262,0,,porteot01
129,Kent Bazemore,29,ATL,SG,67,35,1643,278,691,.402,96,300,.320,182,391,.465,.472,127,175,.726,37,224,261,152,89,42,121,170,779,0,,bazemke01
130,Damyean Dotson,24,NYK,SG,73,40,2004,290,698,.415,126,342,.368,164,356,.461,.506,73,98,.745,34,228,262,135,58,10,71,135,779,0,,dotsoda01
131,T.J. Warren,25,PHO,SF,43,36,1360,297,611,.486,77,180,.428,220,431,.510,.549,101,124,.815,31,143,174,64,51,29,52,119,772,0,,warretj01
132,Jonas Valančiūnas,26,2TM,C,49,27,1091,301,538,.559,14,48,.292,287,490,.586,.572,147,185,.795,106,313,419,70,19,53,90,146,763,0,,valanjo01
132,Jonas Valančiūnas,26,TOR,C,30,10,564,149,259,.575,9,30,.300,140,229,.611,.593,77,94,.819,54,162,216,29,13,23,39,82,384,0,,valanjo01
132,Jonas Valančiūnas,26,MEM,C,19,17,527,152,279,.545,5,18,.278,147,261,.563,.554,70,91,.769,52,151,203,41,6,30,51,64,379,0,,valanjo01
133,Al-Farouq Aminu,28,POR,PF,81,81,2292,257,593,.433,96,280,.343,161,313,.514,.514,150,173,.867,112,498,610,104,68,33,72,143,760,0,,aminual01
134,Thomas Bryant,21,WAS,C,72,53,1496,309,502,.616,33,99,.333,276,403,.685,.648,107,137,.781,113,341,454,92,25,67,60,126,758,0,,bryanth01
135,DeAndre Jordan,30,2TM,C,69,69,2047,286,446,.641,0,0,,286,446,.641,.641,186,264,.705,225,677,902,156,42,73,153,167,758,0,,jordade01
135,DeAndre Jordan,30,DAL,C,50,50,1554,208,323,.644,0,0,,208,323,.644,.644,135,198,.682,161,525,686,99,33,53,111,125,551,0,,jordade01
135,DeAndre Jordan,30,NYK,C,19,19,493,78,123,.634,0,0,,78,123,.634,.634,51,66,.773,64,152,216,57,9,20,42,42,207,0,,jordade01
136,Marvin Williams,32,CHO,PF,75,75,2133,275,652,.422,140,382,.366,135,270,.500,.529,66,86,.767,76,331,407,92,71,61,47,156,756,0,,willima02
137,Taj Gibson,33,MIN,PF,70,57,1686,304,537,.566,11,34,.324,293,503,.583,.576,134,177,.757,172,286,458,84,53,39,73,186,753,0,,gibsota01
138,DeMarre Carroll,32,BRK,PF,67,8,1703,227,575,.395,106,310,.342,121,265,.457,.487,184,242,.760,68,281,349,85,31,10,73,114,744,0,,carrode01
139,Taurean Prince,24,ATL,SF,55,47,1552,262,594,.441,123,315,.390,139,279,.498,.545,95,116,.819,22,177,199,118,53,19,100,141,742,0,,princta02
140,Nemanja Bjelica,30,SAC,PF,77,70,1788,284,593,.479,103,257,.401,181,336,.539,.566,70,92,.761,125,319,444,147,54,56,82,197,741,0,,bjeline01
141,Gary Harris,24,DEN,SG,57,48,1639,270,637,.424,82,242,.339,188,395,.476,.488,115,144,.799,41,119,160,127,55,19,68,113,737,0,,harriga01
142,Bam Adebayo,21,MIA,C,82,28,1913,280,486,.576,3,15,.200,277,471,.588,.579,166,226,.735,165,432,597,184,71,65,121,203,729,0,,adebaba01
143,Kevin Huerter,20,ATL,SG,75,59,2048,275,657,.419,136,353,.385,139,304,.457,.522,41,56,.732,60,185,245,214,65,25,109,155,727,0,,huertke01
144,Landry Shamet,21,2TM,SG,79,27,1802,240,557,.431,167,396,.422,73,161,.453,.581,75,93,.806,21,113,134,117,37,10,45,155,722,0,,shamela01
144,Landry Shamet,21,PHI,SG,54,4,1108,153,347,.441,99,245,.404,54,102,.529,.584,44,54,.815,14,64,78,59,24,8,26,106,449,0,,shamela01
144,Landry Shamet,21,LAC,SG,25,23,694,87,210,.414,68,151,.450,19,59,.322,.576,31,39,.795,7,49,56,58,13,2,19,49,273,0,,shamela01
145,Dennis Smith Jr.,21,2TM,PG,53,50,1508,278,650,.428,67,208,.322,211,442,.477,.479,99,156,.635,32,123,155,252,67,20,154,129,722,1,,smithde03
145,Dennis Smith Jr.,21,DAL,PG,32,32,908,157,357,.440,43,125,.344,114,232,.491,.500,57,82,.695,18,79,97,138,40,11,100,82,414,1,,smithde03
145,Dennis Smith Jr.,21,NYK,PG,21,18,600,121,293,.413,24,83,.289,97,210,.462,.454,42,74,.568,14,44,58,114,27,9,54,47,308,0,,smithde03
146,Jonathan Isaac,21,ORL,PF,75,64,1996,262,611,.429,86,266,.323,176,345,.510,.499,110,135,.815,99,312,411,80,59,98,75,143,720,0,,isaacjo01
147,Reggie Bullock,27,2TM,SG,63,60,1879,245,594,.412,148,393,.377,97,201,.483,.537,73,85,.859,22,151,173,129,40,12,65,109,711,0,,bullore01
147,Reggie Bullock,27,DET,SG,44,44,1355,182,441,.413,114,294,.388,68,147,.463,.542,56,64,.875,20,103,123,109,24,5,54,79,534,0,,bullore01
147,Reggie Bullock,27,LAL,SG,19,16,524,63,153,.412,34,99,.343,29,54,.537,.523,17,21,.810,2,48,50,20,16,7,11,30,177,0,,bullore01
148,Bobby Portis,23,2TM,PF,50,28,1299,279,628,.444,75,191,.393,204,437,.467,.504,77,97,.794,109,294,403,72,35,20,74,145,710,0,,portibo01
148,Bobby Portis,23,CHI,PF,22,6,531,122,271,.450,27,72,.375,95,199,.477,.500,39,50,.780,46,115,161,29,11,8,29,61,310,0,,portibo01
148,Bobby Portis,23,WAS,PF,28,22,768,157,357,.440,48,119,.403,109,238,.458,.507,38,47,.809,63,179,242,43,24,12,45,84,400,0,,portibo01
149,Tomáš Satoranský,27,WAS,PG,80,54,2164,257,530,.485,64,162,.395,193,368,.524,.545,131,160,.819,82,197,279,399,82,13,120,172,709,1,,satorto01
150,Terry Rozier,24,BOS,PG,79,14,1791,258,666,.387,119,337,.353,139,329,.422,.477,73,93,.785,32,275,307,231,68,21,68,101,708,0,,roziete01
151,Marcus Smart,24,BOS,SG,80,60,2200,239,567,.422,126,346,.364,113,221,.511,.533,104,129,.806,57,177,234,321,143,28,123,201,708,0,DPOY-8DEF1,smartma01
152,Jeremy Lin,30,2TM,PG,74,4,1436,238,541,.440,55,187,.294,183,354,.517,.491,176,210,.838,22,157,179,231,47,13,124,144,707,0,,linje01
152,Jeremy Lin,30,ATL,PG,51,1,1003,180,386,.466,44,132,.333,136,254,.535,.523,142,168,.845,16,103,119,181,38,7,98,96,546,0,,linje01
152,Jeremy Lin,30,TOR,PG,23,3,433,58,155,.374,11,55,.200,47,100,.470,.410,34,42,.810,6,54,60,50,9,6,26,48,161,0,,linje01
153,Tyreke Evans,29,IND,SG,69,18,1402,257,660,.389,77,216,.356,180,444,.405,.448,115,160,.719,33,168,201,166,58,18,118,117,706,0,,evansty01
154,Robin Lopez,30,CHI,C,74,36,1606,304,535,.568,7,31,.226,297,504,.589,.575,89,123,.724,140,146,286,89,11,78,96,124,704,0,,lopezro01
155,Fred VanVleet,24,TOR,PG,64,28,1760,246,600,.410,112,296,.378,134,304,.441,.503,97,115,.843,21,146,167,307,57,20,82,110,701,0,,vanvlfr01
156,Nicolas Batum,30,CHO,SF,75,72,2354,253,562,.450,116,298,.389,137,264,.519,.553,77,89,.865,71,319,390,247,71,43,117,140,699,0,,batumni01
157,Nikola Mirotić,27,2TM,PF,46,25,1245,238,542,.439,116,318,.365,122,224,.545,.546,105,124,.847,60,279,339,55,31,34,48,107,697,0,,mirotni01
157,Nikola Mirotić,27,NOP,PF,32,22,925,182,407,.447,85,231,.368,97,176,.551,.552,85,101,.842,46,218,264,35,21,25,37,86,534,0,,mirotni01
157,Nikola Mirotić,27,MIL,PF,14,3,320,56,135,.415,31,87,.356,25,48,.521,.530,20,23,.870,14,61,75,20,10,9,11,21,163,0,,mirotni01
158,Allonzo Trier,23,NYK,SG,64,3,1459,232,518,.448,52,132,.394,180,386,.466,.498,179,223,.803,31,166,197,119,28,14,116,117,695,0,,trieral01
159,Dewayne Dedmon,29,ATL,C,64,52,1609,259,526,.492,83,217,.382,176,309,.570,.571,92,113,.814,105,375,480,90,69,71,84,214,693,0,,dedmode01
160,DeAndre' Bembry,24,ATL,SG,82,15,1931,275,616,.446,50,173,.289,225,443,.508,.487,87,136,.640,54,304,358,202,105,41,142,190,687,0,,bembrde01
161,Mikal Bridges,22,PHO,SF,82,56,2417,242,563,.430,105,313,.335,137,250,.548,.523,95,118,.805,56,208,264,173,129,38,70,201,684,0,,bridgmi01
162,Jalen Brunson,22,DAL,PG,73,38,1591,264,565,.467,63,181,.348,201,384,.523,.523,87,120,.725,25,144,169,230,37,4,88,127,678,0,,brunsja01
163,Gerald Green,33,HOU,SG,73,0,1473,231,578,.400,156,441,.354,75,137,.547,.535,57,68,.838,30,152,182,40,33,27,55,126,675,0,,greenge01
164,Victor Oladipo,26,IND,SG,36,36,1147,249,588,.423,74,216,.343,175,372,.470,.486,103,141,.730,21,181,202,186,60,11,82,72,675,0,AS,oladivi01
165,Langston Galloway,27,DET,SG,80,4,1745,228,587,.388,135,380,.355,93,207,.449,.503,81,96,.844,49,122,171,85,37,8,24,135,672,0,,gallola01
166,John Wall,28,WAS,PG,32,32,1104,245,552,.444,51,169,.302,194,383,.507,.490,122,175,.697,15,101,116,279,49,29,121,71,663,0,,walljo01
167,Derrick White,24,SAS,PG,67,55,1728,260,543,.479,48,142,.338,212,401,.529,.523,95,123,.772,35,212,247,263,67,47,97,145,663,0,,whitede01
168,Malik Monk,20,CHO,SG,73,0,1258,227,586,.387,109,330,.330,118,256,.461,.480,90,102,.882,16,121,137,117,37,19,86,106,653,0,,monkma01
169,Delon Wright,26,2TM,PG,75,13,1699,242,558,.434,50,168,.298,192,390,.492,.478,119,150,.793,68,198,266,248,88,30,77,103,653,3,,wrighde01
169,Delon Wright,26,TOR,PG,49,2,897,127,293,.433,30,90,.333,97,203,.478,.485,53,61,.869,39,86,125,110,46,15,37,53,337,0,,wrighde01
169,Delon Wright,26,MEM,PG,26,11,802,115,265,.434,20,78,.256,95,187,.508,.472,66,89,.742,29,112,141,138,42,15,40,50,316,3,,wrighde01
170,Mason Plumlee,28,DEN,C,82,17,1731,262,442,.593,2,10,.200,260,432,.602,.595,111,198,.561,165,359,524,243,66,76,126,252,637,0,,plumlma01
171,E'Twaun Moore,29,NOP,SG,53,36,1463,256,532,.481,76,176,.432,180,356,.506,.553,45,59,.763,35,92,127,102,40,8,59,112,633,0,,mooreet01
172,Trey Burke,26,2TM,PG,58,8,1125,236,548,.431,56,159,.352,180,389,.463,.482,103,124,.831,28,71,99,159,33,7,49,58,631,0,,burketr01
172,Trey Burke,26,NYK,PG,33,7,689,148,358,.413,30,86,.349,118,272,.434,.455,62,75,.827,15,47,62,94,21,5,29,33,388,0,,burketr01
172,Trey Burke,26,DAL,PG,25,1,436,88,190,.463,26,73,.356,62,117,.530,.532,41,49,.837,13,24,37,65,12,2,20,25,243,0,,burketr01
173,Larry Nance Jr.,26,CLE,C,67,30,1795,249,479,.520,33,98,.337,216,381,.567,.554,96,134,.716,168,384,552,214,100,40,97,192,627,0,,nancela02
174,Avery Bradley,28,2TM,SG,63,63,1905,248,608,.408,86,245,.351,162,363,.446,.479,43,50,.860,43,132,175,152,41,16,89,167,625,0,,bradlav01
174,Avery Bradley,28,LAC,SG,49,49,1463,161,420,.383,58,172,.337,103,248,.415,.452,20,25,.800,35,96,131,96,27,16,61,133,400,0,,bradlav01
174,Avery Bradley,28,MEM,SG,14,14,442,87,188,.463,28,73,.384,59,115,.513,.537,23,25,.920,8,36,44,56,14,0,28,34,225,0,,bradlav01
175,Tyler Johnson,26,2TM,PG,57,22,1529,217,526,.413,90,260,.346,127,266,.477,.498,95,127,.748,34,139,173,166,54,27,77,97,619,0,,johnsty01
175,Tyler Johnson,26,MIA,PG,44,10,1123,171,401,.426,72,204,.353,99,197,.503,.516,61,88,.693,19,102,121,112,40,21,63,72,475,0,,johnsty01
175,Tyler Johnson,26,PHO,PG,13,12,406,46,125,.368,18,56,.321,28,69,.406,.440,34,39,.872,15,37,52,54,14,6,14,25,144,0,,johnsty01
176,Austin Rivers,26,2TM,SG,76,15,2028,232,572,.406,104,327,.318,128,245,.522,.497,50,95,.526,25,137,162,167,47,23,68,207,618,0,,riverau01
176,Austin Rivers,26,WAS,SG,29,2,683,76,194,.392,33,106,.311,43,88,.489,.477,25,46,.543,10,61,71,58,18,10,36,72,210,0,,riverau01
176,Austin Rivers,26,HOU,SG,47,13,1345,156,378,.413,71,221,.321,85,157,.541,.507,25,49,.510,15,76,91,109,29,13,32,135,408,0,,riverau01
177,Luke Kennard,22,DET,SG,63,10,1437,228,520,.438,106,269,.394,122,251,.486,.540,51,61,.836,12,171,183,114,26,10,57,92,613,0,,kennalu01
178,JaMychal Green,28,2TM,PF,65,6,1371,230,476,.483,71,176,.403,159,300,.530,.558,80,101,.792,104,305,409,50,45,34,87,193,611,0,,greenja01
178,JaMychal Green,28,MEM,PF,41,4,900,151,312,.484,38,96,.396,113,216,.523,.545,63,80,.788,72,180,252,36,33,26,64,123,403,0,,greenja01
178,JaMychal Green,28,LAC,PF,24,2,471,79,164,.482,33,80,.413,46,84,.548,.582,17,21,.810,32,125,157,14,12,8,23,70,208,0,,greenja01
179,Dorian Finney-Smith,25,DAL,SF,81,26,1985,228,528,.432,79,254,.311,149,274,.544,.507,73,103,.709,138,251,389,95,69,36,74,186,608,0,,finnedo01
180,Dāvis Bertāns,26,SAS,PF,76,12,1632,204,453,.450,145,338,.429,59,115,.513,.610,53,60,.883,23,241,264,100,35,33,43,133,606,0,6MOY-11,bertada01
181,P.J. Tucker,33,HOU,PF,82,82,2802,207,523,.396,146,387,.377,61,136,.449,.535,41,59,.695,121,358,479,96,132,39,63,252,601,0,,tuckepj01
182,Kyle Korver,37,2TM,SG,70,0,1334,201,483,.416,138,348,.397,63,135,.467,.559,60,73,.822,9,153,162,81,25,12,59,106,600,0,,korveky01
182,Kyle Korver,37,CLE,PF,16,0,251,35,76,.461,25,54,.463,10,22,.455,.625,13,16,.813,0,29,29,17,3,2,17,22,108,0,,korveky01
182,Kyle Korver,37,UTA,SG,54,0,1083,166,407,.408,113,294,.384,53,113,.469,.547,47,57,.825,9,124,133,64,22,10,42,84,492,0,,korveky01
183,Miles Bridges,20,CHO,SF,80,25,1696,237,511,.464,65,200,.325,172,311,.553,.527,58,77,.753,67,256,323,95,55,49,50,111,597,0,,bridgmi02
184,Patrick Beverley,30,LAC,PG,78,49,2137,194,477,.407,112,282,.397,82,195,.421,.524,96,123,.780,76,312,388,300,67,43,85,265,596,0,DPOY-9,beverpa01
185,Garrett Temple,32,2TM,SG,75,55,2040,208,493,.422,90,264,.341,118,229,.515,.513,80,107,.748,28,188,216,106,76,30,70,204,586,0,,templga01
185,Garrett Temple,32,MEM,SG,49,49,1530,166,387,.429,74,210,.352,92,177,.520,.525,57,76,.750,18,134,152,69,50,25,54,134,463,0,,templga01
185,Garrett Temple,32,LAC,SG,26,6,510,42,106,.396,16,54,.296,26,52,.500,.472,23,31,.742,10,54,64,37,26,5,16,70,123,0,,templga01
186,Justin Jackson,23,2TM,SF,81,14,1614,217,485,.447,87,245,.355,130,240,.542,.537,62,79,.785,44,168,212,96,32,14,29,99,583,0,,jacksju01
186,Justin Jackson,23,SAC,SF,52,3,1083,125,295,.424,55,159,.346,70,136,.515,.517,41,50,.820,25,121,146,68,23,13,22,67,346,0,,jacksju01
186,Justin Jackson,23,DAL,SF,29,11,531,92,190,.484,32,86,.372,60,104,.577,.568,21,29,.724,19,47,66,28,9,1,7,32,237,0,,jacksju01
187,Seth Curry,28,POR,SG,74,2,1399,212,465,.456,113,251,.450,99,214,.463,.577,44,52,.846,27,93,120,66,36,12,61,97,581,0,,curryse01
188,Richaun Holmes,25,PHO,C,70,4,1184,222,365,.608,0,0,,222,365,.608,.608,128,175,.731,115,216,331,60,42,79,52,194,572,0,,holmeri01
189,Noah Vonleh,23,NYK,PF,68,57,1722,207,440,.470,46,137,.336,161,303,.531,.523,111,156,.712,113,415,528,129,46,51,88,174,571,0,,vonleno01
190,Josh Okogie,20,MIN,SG,74,52,1757,196,508,.386,60,215,.279,136,293,.464,.445,118,162,.728,41,177,218,91,88,33,63,166,570,0,ROY-8,okogijo01
191,Darius Miller,28,NOP,SF,69,15,1757,189,484,.390,133,364,.365,56,120,.467,.528,56,71,.789,14,114,128,146,40,23,59,165,567,0,,milleda01
192,Doug McDermott,27,IND,SF,77,1,1340,207,422,.491,84,206,.408,123,216,.569,.590,66,79,.835,17,92,109,67,18,8,42,104,564,0,,mcderdo01
193,Vince Carter,42,ATL,PF,76,9,1330,196,468,.419,123,316,.389,73,152,.480,.550,47,66,.712,31,163,194,87,44,27,48,141,562,0,,cartevi01
194,Alec Burks,27,3TM,SG,64,24,1375,192,474,.405,61,168,.363,131,306,.428,.469,116,141,.823,30,205,235,128,39,21,65,91,561,0,,burksal01
194,Alec Burks,27,UTA,SG,17,0,269,47,114,.412,16,43,.372,31,71,.437,.482,33,38,.868,2,25,27,20,6,4,15,22,143,0,,burksal01
194,Alec Burks,27,CLE,SG,34,24,979,136,340,.400,45,119,.378,91,221,.412,.466,79,98,.806,26,160,186,98,25,16,46,62,396,0,,burksal01
194,Alec Burks,27,SAC,SG,13,0,127,9,20,.450,0,6,.000,9,14,.643,.450,4,5,.800,2,20,22,10,8,1,4,7,22,0,,burksal01
195,Caris LeVert,24,BRK,SF,40,25,1063,207,483,.429,48,154,.312,159,329,.483,.478,85,123,.691,35,116,151,156,42,14,69,77,547,0,,leverca01
196,Markieff Morris,29,2TM,PF,58,16,1270,204,484,.421,68,203,.335,136,281,.484,.492,71,92,.772,61,204,265,79,36,22,54,175,547,0,,morrima02
196,Markieff Morris,29,WAS,PF,34,15,883,143,328,.436,48,144,.333,95,184,.516,.509,57,73,.781,41,133,174,60,25,20,47,117,391,0,,morrima02
196,Markieff Morris,29,OKC,PF,24,1,387,61,156,.391,20,59,.339,41,97,.423,.455,14,19,.737,20,71,91,19,11,2,7,58,156,0,,morrima02
197,Trey Lyles,23,DEN,PF,64,2,1120,207,495,.418,51,200,.255,156,295,.529,.470,81,116,.698,44,202,246,87,30,23,68,93,546,0,,lylestr01
198,Wayne Ellington,31,2TM,SG,53,38,1297,184,457,.403,138,372,.371,46,85,.541,.554,39,49,.796,14,93,107,72,54,6,40,92,545,0,,ellinwa01
198,Wayne Ellington,31,MIA,SG,25,12,533,69,184,.375,57,155,.368,12,29,.414,.530,14,16,.875,6,41,47,29,24,3,14,40,209,0,,ellinwa01
198,Wayne Ellington,31,DET,SG,28,26,764,115,273,.421,81,217,.373,34,56,.607,.570,25,33,.758,8,52,60,43,30,3,26,52,336,0,,ellinwa01
199,Ryan Arcidiacono,24,CHI,PG,81,32,1961,187,418,.447,81,217,.373,106,201,.527,.544,89,102,.873,27,192,219,269,65,4,63,171,544,0,,arcidry01
200,Jake Layman,24,POR,SF,71,33,1327,216,424,.509,59,181,.326,157,243,.646,.579,50,71,.704,56,161,217,53,31,30,46,116,541,0,,laymaja01
201,Cory Joseph,27,IND,PG,82,9,2063,226,548,.412,55,171,.322,171,377,.454,.463,30,43,.698,39,240,279,321,94,22,80,131,537,0,,josepco01
202,Rodions Kurucs,20,BRK,SF,63,46,1294,202,449,.450,58,184,.315,144,265,.543,.514,72,92,.783,56,190,246,52,41,25,77,146,534,0,,kurucro01
203,Tony Parker,36,CHO,PG,56,0,1003,213,463,.460,13,51,.255,200,412,.485,.474,91,124,.734,14,69,83,207,21,7,75,53,530,0,,parketo01
204,Shabazz Napier,27,BRK,PG,56,2,983,169,435,.389,76,228,.333,93,207,.449,.476,115,138,.833,18,82,100,143,41,16,66,67,529,0,,napiesh01
205,Rondae Hollis-Jefferson,24,BRK,SF,59,21,1234,200,487,.411,9,49,.184,191,438,.436,.420,118,183,.645,83,227,310,96,44,27,68,107,527,0,,holliro01
206,Dion Waiters,27,MIA,SG,44,28,1138,198,478,.414,109,289,.377,89,189,.471,.528,22,44,.500,7,109,116,121,29,9,64,72,527,0,,waitedi01
207,Josh Hart,23,LAL,SG,67,22,1715,189,464,.407,92,274,.336,97,190,.511,.506,55,80,.688,35,213,248,93,64,40,58,147,525,0,,hartjo01
208,Ivica Zubac,21,2TM,C,59,37,1040,212,379,.559,0,0,,212,379,.559,.559,101,126,.802,115,247,362,63,14,51,70,137,525,0,,zubaciv01
208,Ivica Zubac,21,LAL,C,33,12,516,112,193,.580,0,0,,112,193,.580,.580,57,66,.864,54,108,162,25,4,27,33,73,281,0,,zubaciv01
208,Ivica Zubac,21,LAC,C,26,25,524,100,186,.538,0,0,,100,186,.538,.538,44,60,.733,61,139,200,38,10,24,37,64,244,0,,zubaciv01
209,Kris Dunn,24,CHI,PG,46,44,1389,215,506,.425,34,96,.354,181,410,.441,.458,55,69,.797,19,168,187,277,68,21,104,166,519,0,,dunnkr01
210,Norman Powell,25,TOR,SG,60,3,1126,193,400,.483,68,170,.400,125,230,.543,.568,62,75,.827,16,123,139,91,39,13,65,96,516,0,,powelno01
211,Wayne Selden,24,2TM,SG,75,13,1439,196,483,.406,55,174,.316,141,309,.456,.463,67,92,.728,37,143,180,109,33,13,79,131,514,0,,seldewa01
211,Wayne Selden,24,MEM,SG,32,0,455,65,161,.404,20,63,.317,45,98,.459,.466,22,29,.759,16,28,44,36,10,6,23,48,172,0,,seldewa01
211,Wayne Selden,24,CHI,SG,43,13,984,131,322,.407,35,111,.315,96,211,.455,.461,45,63,.714,21,115,136,73,23,7,56,83,342,0,,seldewa01
212,Terrance Ferguson,20,OKC,SG,74,74,1931,185,431,.429,106,290,.366,79,141,.560,.552,37,51,.725,33,108,141,72,40,16,47,231,513,0,,fergute01
213,Zach Collins,21,POR,C,77,0,1356,189,400,.473,40,121,.331,149,279,.534,.523,94,126,.746,109,215,324,71,25,66,77,174,512,0,,colliza01
214,Mario Hezonja,23,NYK,SF,58,24,1206,191,464,.412,42,152,.276,149,312,.478,.457,87,114,.763,28,211,239,88,57,8,88,110,511,1,,hezonma01
215,Jeff Teague,30,MIN,PG,42,41,1264,176,416,.423,35,105,.333,141,311,.453,.465,123,153,.804,16,90,106,343,43,18,97,90,510,0,,teaguje01
216,Quinn Cook,25,GSW,PG,74,10,1059,204,439,.465,81,200,.405,123,239,.515,.557,20,26,.769,22,135,157,116,20,3,50,92,509,0,,cookqu01
217,Jamal Crawford,38,PHO,SG,64,0,1211,174,438,.397,67,202,.332,107,236,.453,.474,93,110,.845,8,77,85,229,33,12,99,75,508,0,,crawfja01
218,Rodney McGruder,27,MIA,SG,66,45,1550,186,461,.403,79,225,.351,107,236,.453,.489,52,72,.722,60,178,238,112,36,12,64,115,503,0,,mcgruro01
219,Ish Smith,30,DET,PG,56,0,1251,205,489,.419,44,135,.326,161,354,.455,.464,47,62,.758,23,122,145,203,28,11,61,109,501,0,,smithis01
220,Kevon Looney,22,GSW,C,80,24,1481,217,347,.625,1,10,.100,216,337,.641,.627,65,105,.619,194,223,417,123,46,53,51,211,500,0,,looneke01
221,Cody Zeller,26,CHO,C,49,47,1243,190,345,.551,6,22,.273,184,323,.570,.559,111,141,.787,110,223,333,102,38,41,62,164,497,0,,zelleco01
222,Frank Jackson,20,NOP,PG,61,16,1169,194,447,.434,53,169,.314,141,278,.507,.493,54,73,.740,25,109,134,69,25,2,48,92,495,0,,jacksfr01
223,Will Barton,28,DEN,SF,43,38,1189,185,460,.402,67,196,.342,118,264,.447,.475,57,74,.770,32,167,199,124,18,22,65,82,494,0,,bartowi01
224,Goran Dragić,32,MIA,PG,36,22,991,179,433,.413,57,164,.348,122,269,.454,.479,79,101,.782,20,91,111,174,30,5,71,81,494,1,,dragigo01
225,Evan Turner,30,POR,PG,73,2,1605,204,443,.460,11,52,.212,193,391,.494,.473,75,106,.708,37,291,328,283,33,18,114,110,494,2,,turneev01
226,Lance Stephenson,28,LAL,SG,68,3,1123,184,432,.426,73,197,.371,111,235,.472,.510,50,73,.685,32,183,215,140,41,7,86,111,491,0,,stephla01
227,DeMarcus Cousins,28,GSW,C,30,30,771,178,371,.480,26,95,.274,152,276,.551,.515,106,144,.736,43,204,247,107,40,44,72,109,488,0,,couside01
228,Draymond Green,28,GSW,PF,66,66,2065,188,422,.445,47,165,.285,141,257,.549,.501,63,91,.692,60,421,481,454,95,70,169,197,486,0,DPOY-6DEF2,greendr01
229,Gorgui Dieng,29,MIN,C,76,2,1031,189,377,.501,19,56,.339,170,321,.530,.527,88,106,.830,81,230,311,72,48,41,57,134,485,0,,dienggo01
230,Maxi Kleber,27,DAL,PF,71,18,1502,175,386,.453,77,218,.353,98,168,.583,.553,58,74,.784,90,239,329,70,36,78,54,143,485,0,,klebima01
231,Mitchell Robinson,20,NYK,C,66,19,1360,202,291,.694,0,0,,202,291,.694,.694,81,135,.600,177,246,423,37,52,161,35,217,485,0,ROY-8,robinmi01
232,Jahlil Okafor,23,NOP,C,59,24,935,212,362,.586,1,5,.200,211,357,.591,.587,59,89,.663,82,196,278,40,15,40,52,96,484,0,,okafoja01
233,T.J. McConnell,26,PHI,PG,76,3,1470,220,419,.525,14,42,.333,206,377,.546,.542,29,37,.784,28,146,174,258,79,17,91,105,483,0,,mccontj01
234,Shaquille Harrison,25,CHI,SG,73,11,1430,184,426,.432,24,89,.270,160,337,.475,.460,82,123,.667,33,189,222,139,89,30,60,124,474,0,,harrish01
235,Ed Davis,29,BRK,C,81,1,1446,186,302,.616,0,2,.000,186,300,.620,.616,100,162,.617,216,478,694,61,35,33,64,226,472,0,6MOY-11,davised01
236,Tristan Thompson,27,CLE,C,43,40,1198,201,380,.529,0,0,,201,380,.529,.529,68,106,.642,173,265,438,86,28,16,59,89,470,0,,thomptr01
237,OG Anunoby,21,TOR,SF,67,6,1352,183,404,.453,67,202,.332,116,202,.574,.536,36,62,.581,58,139,197,47,46,22,55,140,469,0,,anunoog01
238,Tyus Jones,22,MIN,PG,68,23,1560,185,446,.415,40,126,.317,145,320,.453,.460,58,69,.841,23,111,134,327,81,5,47,78,468,0,,jonesty01
239,Lonzo Ball,21,LAL,PG,47,45,1423,185,456,.406,75,228,.329,110,228,.482,.488,20,48,.417,54,197,251,255,69,19,103,114,465,1,,balllo01
240,Iman Shumpert,28,2TM,SG,62,41,1481,167,446,.374,95,273,.348,72,173,.416,.481,36,45,.800,27,156,183,112,59,24,50,127,465,0,,shumpim01
240,Iman Shumpert,28,SAC,SG,42,40,1099,133,348,.382,74,202,.366,59,146,.404,.489,34,41,.829,19,110,129,91,47,20,38,92,374,0,,shumpim01
240,Iman Shumpert,28,HOU,SG,20,1,382,34,98,.347,21,71,.296,13,27,.481,.454,2,4,.500,8,46,54,21,12,4,12,35,91,0,,shumpim01
241,Robert Covington,28,2TM,SF,35,35,1203,156,362,.431,85,225,.378,71,137,.518,.548,68,89,.764,28,165,193,46,74,47,47,126,465,0,,covinro01
241,Robert Covington,28,PHI,SF,13,13,440,50,117,.427,30,77,.390,20,40,.500,.556,17,23,.739,7,60,67,14,24,23,22,45,147,0,,covinro01
241,Robert Covington,28,MIN,SF,22,22,763,106,245,.433,55,148,.372,51,97,.526,.545,51,66,.773,21,105,126,32,50,24,25,81,318,0,,covinro01
242,Maurice Harkless,25,POR,SF,60,53,1415,189,388,.487,33,120,.275,156,268,.582,.530,49,73,.671,77,192,269,74,67,53,45,163,460,0,,harklma01
243,Jonas Jerebko,31,GSW,PF,73,6,1218,163,355,.459,69,188,.367,94,167,.563,.556,64,80,.800,72,216,288,96,27,18,43,137,459,0,,jerebjo01
244,Ante Žižić,22,CLE,C,59,25,1082,183,331,.553,0,0,,183,331,.553,.553,93,132,.705,108,212,320,53,13,22,61,113,459,0,,zizican01
245,Mike Scott,30,2TM,PF,79,3,1395,168,420,.400,101,252,.401,67,168,.399,.520,22,33,.667,43,233,276,66,26,13,44,156,459,0,,scottmi01
245,Mike Scott,30,LAC,PF,52,0,748,92,230,.400,52,133,.391,40,97,.412,.513,12,18,.667,24,150,174,44,17,8,27,88,248,0,,scottmi01
245,Mike Scott,30,PHI,PF,27,3,647,76,190,.400,49,119,.412,27,71,.380,.529,10,15,.667,19,83,102,22,9,5,17,68,211,0,,scottmi01
246,George Hill,32,2TM,PG,60,13,1302,170,376,.452,48,153,.314,122,223,.547,.516,70,85,.824,39,109,148,135,52,8,51,102,458,0,,hillge01
246,George Hill,32,CLE,PG,13,13,344,55,107,.514,13,28,.464,42,79,.532,.575,17,20,.850,12,15,27,36,12,1,20,35,140,0,,hillge01
246,George Hill,32,MIL,PG,47,0,958,115,269,.428,35,125,.280,80,144,.556,.493,53,65,.815,27,94,121,99,40,7,31,67,318,0,,hillge01
247,Wendell Carter Jr.,19,CHI,C,44,44,1110,180,371,.485,6,32,.188,174,339,.513,.493,89,112,.795,87,220,307,78,26,58,65,152,455,0,,cartewe01
248,Stanley Johnson,22,2TM,SF,66,7,1208,171,440,.389,62,215,.288,109,225,.484,.459,50,64,.781,34,183,217,88,60,14,81,114,454,0,,johnsst04
248,Stanley Johnson,22,DET,SF,48,7,961,133,349,.381,51,181,.282,82,168,.488,.454,41,51,.804,25,150,175,60,48,13,55,92,358,0,,johnsst04
248,Stanley Johnson,22,NOP,SF,18,0,247,38,91,.418,11,34,.324,27,57,.474,.478,9,13,.692,9,33,42,28,12,1,26,22,96,0,,johnsst04
249,Ersan İlyasova,31,MIL,PF,67,7,1231,167,381,.438,58,160,.363,109,221,.493,.514,61,74,.824,94,208,302,52,32,20,48,172,453,0,,ilyaser01
250,Mike Muscala,27,2TM,PF,64,10,1306,145,361,.402,89,256,.348,56,105,.533,.525,70,85,.824,57,187,244,76,22,38,48,130,449,0,,muscami01
250,Mike Muscala,27,PHI,PF,47,6,1041,109,278,.392,68,199,.342,41,79,.519,.514,63,77,.818,51,149,200,62,18,27,43,112,349,0,,muscami01
250,Mike Muscala,27,LAL,PF,17,4,265,36,83,.434,21,57,.368,15,26,.577,.560,7,8,.875,6,38,44,14,4,11,5,18,100,0,,muscami01
251,Elfrid Payton,24,NOP,PG,42,42,1250,179,412,.434,33,105,.314,146,307,.476,.475,55,74,.743,49,171,220,320,44,17,112,81,446,6,,paytoel01
252,Tony Snell,27,MIL,SF,74,12,1304,163,361,.452,81,204,.397,82,157,.522,.564,37,42,.881,29,128,157,68,26,18,23,90,444,0,,snellto01
253,Torrey Craig,28,DEN,SF,75,37,1503,160,362,.442,61,188,.324,99,174,.569,.526,49,70,.700,89,174,263,72,37,46,44,175,430,0,,craigto01
254,Shelvin Mack,28,2TM,PG,57,3,1246,163,403,.404,46,130,.354,117,273,.429,.462,58,84,.690,18,86,104,183,47,4,66,84,430,0,,macksh01
254,Shelvin Mack,28,MEM,PG,53,3,1204,161,389,.414,46,128,.359,115,261,.441,.473,53,75,.707,18,84,102,182,45,4,62,81,421,0,,macksh01
254,Shelvin Mack,28,CHO,PG,4,0,42,2,14,.143,0,2,.000,2,12,.167,.143,5,9,.556,0,2,2,1,2,0,4,3,9,0,,macksh01
255,Devin Harris,35,DAL,PG,68,2,1071,132,347,.380,62,200,.310,70,147,.476,.470,102,134,.761,12,100,112,122,35,16,56,133,428,0,,harride01
256,James Johnson,31,MIA,PF,55,33,1164,164,379,.433,50,149,.336,114,230,.496,.499,50,70,.714,22,154,176,135,35,27,74,114,428,0,,johnsja01
257,Michael Kidd-Gilchrist,25,CHO,PF,64,3,1179,158,332,.476,16,47,.340,142,285,.498,.500,95,123,.772,88,158,246,61,32,39,43,156,427,0,,kiddgmi01
258,Royce O'Neale,25,UTA,SF,82,16,1671,163,343,.475,68,176,.386,95,167,.569,.574,32,42,.762,22,263,285,124,54,24,70,172,426,0,,onealro01
259,Rajon Rondo,32,LAL,PG,46,29,1369,175,432,.405,51,142,.359,124,290,.428,.464,23,36,.639,34,209,243,367,57,7,127,100,424,1,,rondora01
260,Jakob Poeltl,23,SAS,C,77,24,1273,187,290,.645,0,0,,187,290,.645,.645,49,92,.533,178,232,410,93,29,68,48,124,423,0,,poeltja01
261,Derrick Jones Jr.,21,MIA,SF,60,14,1153,160,324,.494,28,91,.308,132,233,.567,.537,74,122,.607,96,144,240,37,46,42,43,123,422,0,,jonesde02
262,Boban Marjanović,30,2TM,C,58,12,681,160,260,.615,4,10,.400,156,250,.624,.623,98,131,.748,87,178,265,54,16,27,59,90,422,0,,marjabo01
262,Boban Marjanović,30,LAC,C,36,9,376,85,140,.607,0,2,.000,85,138,.616,.607,72,95,.758,55,97,152,22,11,17,37,57,242,0,,marjabo01
262,Boban Marjanović,30,PHI,C,22,3,305,75,120,.625,4,8,.500,71,112,.634,.642,26,36,.722,32,81,113,32,5,10,22,33,180,0,,marjabo01
263,Pat Connaughton,26,MIL,SG,61,2,1261,163,350,.466,66,200,.330,97,150,.647,.560,29,40,.725,61,197,258,122,33,25,33,81,421,0,,connapa01
264,Willy Hernangómez,24,CHO,C,58,3,812,153,295,.519,15,39,.385,138,256,.539,.544,100,144,.694,117,194,311,60,16,20,58,98,421,0,,hernawi01
265,Yogi Ferrell,25,SAC,PG,71,3,1067,153,352,.435,54,149,.362,99,203,.488,.511,60,67,.896,13,96,109,137,36,4,40,64,420,0,,ferreyo01
266,Antonio Blakeney,22,CHI,SG,57,3,829,166,396,.419,36,91,.396,130,305,.426,.465,50,76,.658,7,99,106,42,12,9,35,41,418,0,,blakean01
267,J.J. Barea,34,DAL,PG,38,0,752,161,385,.418,38,128,.297,123,257,.479,.468,55,78,.705,13,82,95,211,22,1,72,50,415,0,,bareajo01
268,Allen Crabbe,26,BRK,SG,43,20,1133,137,373,.367,98,259,.378,39,114,.342,.499,41,56,.732,16,132,148,46,23,13,46,102,413,0,,crabbal01
269,Harry Giles,20,SAC,PF,58,0,820,175,348,.503,0,6,.000,175,342,.512,.503,58,91,.637,66,156,222,85,31,22,73,150,408,0,,gilesha01
270,Juancho Hernangómez,23,DEN,PF,70,25,1358,138,314,.439,66,181,.365,72,133,.541,.545,66,86,.767,64,201,265,55,27,24,37,94,408,0,,hernaju01
271,Frank Kaminsky,25,CHO,C,47,0,755,138,298,.463,50,139,.360,88,159,.553,.547,79,107,.738,39,124,163,63,12,12,41,68,405,0,,kaminfr01
272,Ian Clark,27,NOP,SG,60,6,973,151,383,.394,66,202,.327,85,181,.470,.480,33,37,.892,13,76,89,94,22,8,58,95,401,0,,clarkia01
273,Nik Stauskas,25,2TM,SG,68,0,1015,136,338,.402,70,188,.372,66,150,.440,.506,57,64,.891,18,109,127,81,21,7,51,50,399,0,,stausni01
273,Nik Stauskas,25,POR,SG,44,0,673,96,229,.419,43,125,.344,53,104,.510,.513,32,36,.889,10,70,80,62,14,4,40,31,267,0,,stausni01
273,Nik Stauskas,25,CLE,SG,24,0,342,40,109,.367,27,63,.429,13,46,.283,.491,25,28,.893,8,39,47,19,7,3,11,19,132,0,,stausni01
274,Andre Iguodala,35,GSW,SF,68,13,1578,151,302,.500,48,144,.333,103,158,.652,.579,39,67,.582,48,204,252,216,61,51,52,95,389,0,6MOY-10,iguodan01
275,James Ennis III,28,2TM,SF,58,27,1230,138,294,.469,55,156,.353,83,138,.601,.563,58,81,.716,60,122,182,41,41,23,34,150,389,0,,ennisja01
275,James Ennis III,28,HOU,SF,40,25,949,104,211,.493,44,120,.367,60,91,.659,.597,42,58,.724,37,80,117,27,38,16,23,111,294,0,,ennisja01
275,James Ennis III,28,PHI,SF,18,2,281,34,83,.410,11,36,.306,23,47,.489,.476,16,23,.696,23,42,65,14,3,7,11,39,95,0,,ennisja01
276,Cheick Diallo,22,NOP,PF,64,1,896,168,271,.620,1,4,.250,167,267,.625,.622,50,67,.746,75,257,332,33,29,33,49,113,387,0,,diallch01
277,Kenneth Faried,29,2TM,C,37,13,728,156,265,.589,8,25,.320,148,240,.617,.604,64,99,.646,97,153,250,20,17,23,33,82,384,0,,farieke01
277,Kenneth Faried,29,BRK,C,12,0,118,25,42,.595,1,5,.200,24,37,.649,.607,10,16,.625,15,29,44,2,2,4,6,8,61,0,,farieke01
277,Kenneth Faried,29,HOU,C,25,13,610,131,223,.587,7,20,.350,124,203,.611,.603,54,83,.651,82,124,206,18,15,19,27,74,323,0,,farieke01
278,Nerlens Noel,24,OKC,C,77,2,1055,162,276,.587,0,0,,162,276,.587,.587,54,79,.684,127,198,325,45,66,96,48,166,378,0,,noelne01
279,Kevin Love,30,CLE,PF,22,21,598,109,283,.385,53,147,.361,56,136,.412,.479,103,114,.904,33,206,239,48,6,5,42,54,374,0,,loveke01
280,Daniel Theis,26,BOS,C,66,2,908,146,266,.549,26,67,.388,120,199,.603,.598,56,76,.737,87,138,225,68,21,42,33,161,374,0,,theisda01
281,Dirk Nowitzki,40,DAL,PF,51,20,795,135,376,.359,64,205,.312,71,171,.415,.444,39,50,.780,5,153,158,35,9,18,18,76,373,0,AS,nowitdi01
282,Sterling Brown,23,MIL,SG,58,7,1034,145,312,.465,53,147,.361,92,165,.558,.550,29,42,.690,29,155,184,84,25,8,46,88,372,0,,brownst02
283,Danuel House Jr.,25,HOU,SF,39,13,979,118,252,.468,74,178,.416,44,74,.595,.615,56,71,.789,25,115,140,40,21,11,35,80,366,0,,houseda01
284,Jonathon Simmons,29,2TM,SF,56,9,1064,133,350,.380,28,104,.269,105,246,.427,.420,72,97,.742,27,99,126,128,29,15,68,89,366,0,,simmojo02
284,Jonathon Simmons,29,ORL,SG,41,9,845,104,286,.364,19,83,.229,85,203,.419,.397,56,72,.778,23,77,100,95,18,14,56,68,283,0,,simmojo02
284,Jonathon Simmons,29,PHI,SF,15,0,219,29,64,.453,9,21,.429,20,43,.465,.523,16,25,.640,4,22,26,33,11,1,12,21,83,0,,simmojo02
285,Meyers Leonard,26,POR,C,61,2,878,132,242,.545,50,111,.450,82,131,.626,.649,43,51,.843,49,184,233,75,13,9,43,105,357,0,,leoname01
286,Kyle Anderson,25,MEM,SF,43,40,1281,150,276,.543,9,34,.265,141,242,.583,.560,37,64,.578,48,203,251,128,54,37,58,112,346,1,,anderky01
287,Wes Iwundu,24,ORL,SF,68,13,1233,113,274,.412,29,79,.367,84,195,.431,.465,84,103,.816,37,147,184,73,28,22,44,123,339,0,,iwundwe01
288,C.J. Miles,31,2TM,SF,53,1,856,112,311,.360,67,203,.330,45,108,.417,.468,48,58,.828,13,82,95,36,26,15,30,79,339,0,,milescj01
288,C.J. Miles,31,TOR,SF,40,1,562,70,206,.340,43,137,.314,27,69,.391,.444,35,44,.795,12,56,68,22,18,10,21,62,218,0,,milescj01
288,C.J. Miles,31,MEM,SF,13,0,294,42,105,.400,24,66,.364,18,39,.462,.514,13,14,.929,1,26,27,14,8,5,9,17,121,0,,milescj01
289,Alfonzo McKinnie,26,GSW,SF,72,5,1003,134,275,.487,42,118,.356,92,157,.586,.564,27,48,.563,81,166,247,31,18,15,30,134,337,0,,mckinal01
290,David Nwaba,26,CLE,SF,51,14,984,126,262,.481,24,75,.320,102,187,.545,.527,58,85,.682,41,122,163,54,36,17,29,106,334,0,,nwabada01
291,Anthony Tolliver,33,MIN,PF,65,0,1079,99,259,.382,81,215,.377,18,44,.409,.539,47,60,.783,15,162,177,46,17,21,36,91,326,0,,tollian01
292,Thon Maker,21,2TM,PF,64,5,972,109,268,.407,49,153,.320,60,115,.522,.498,56,84,.667,41,161,202,45,21,51,33,105,323,0,,makerth01
292,Thon Maker,21,MIL,C,35,0,409,59,134,.440,26,78,.333,33,56,.589,.537,20,37,.541,17,79,96,18,10,18,9,55,164,0,,makerth01
292,Thon Maker,21,DET,PF,29,5,563,50,134,.373,23,75,.307,27,59,.458,.459,36,47,.766,24,82,106,27,11,33,24,50,159,0,,makerth01
293,Luke Kornet,23,NYK,C,46,18,784,107,283,.378,70,193,.363,37,90,.411,.502,38,46,.826,28,107,135,54,27,42,25,41,322,0,,kornelu01
294,Bruce Brown,22,DET,SG,74,56,1449,125,314,.398,24,93,.258,101,221,.457,.436,45,60,.750,48,137,185,91,40,36,46,178,319,0,,brownbr01
295,Troy Daniels,27,PHO,SG,51,1,760,113,275,.411,74,194,.381,39,81,.481,.545,18,23,.783,13,60,73,26,26,5,27,79,318,0,,danietr01
296,Dwayne Bacon,23,CHO,SG,43,13,759,122,257,.475,38,87,.437,84,170,.494,.549,34,46,.739,8,81,89,47,12,5,18,72,316,0,,bacondw01
297,Tim Frazier,28,2TM,PG,59,19,1120,116,261,.444,37,101,.366,79,160,.494,.515,41,54,.759,41,127,168,248,30,5,76,112,310,0,,fraziti01
297,Tim Frazier,28,NOP,PG,47,17,909,88,195,.451,27,77,.351,61,118,.517,.521,32,41,.780,32,105,137,206,25,4,60,93,235,0,,fraziti01
297,Tim Frazier,28,MIL,PG,12,2,211,28,66,.424,10,24,.417,18,42,.429,.500,9,13,.692,9,22,31,42,5,1,16,19,75,0,,fraziti01
298,Wilson Chandler,31,2TM,SF,51,33,1177,114,273,.418,59,158,.373,55,115,.478,.526,18,25,.720,48,167,215,82,25,21,46,123,305,0,,chandwi01
298,Wilson Chandler,31,PHI,PF,36,32,951,91,207,.440,46,118,.390,45,89,.506,.551,13,18,.722,44,124,168,72,22,18,39,94,241,0,,chandwi01
298,Wilson Chandler,31,LAC,SF,15,1,226,23,66,.348,13,40,.325,10,26,.385,.447,5,7,.714,4,43,47,10,3,3,7,29,64,0,,chandwi01
299,Elie Okobo,21,PHO,PG,53,16,958,114,290,.393,39,132,.295,75,158,.475,.460,37,47,.787,12,86,98,127,32,7,69,109,304,0,,okoboel01
300,Joakim Noah,33,MEM,C,42,1,693,110,213,.516,0,1,.000,110,212,.519,.516,78,109,.716,58,180,238,89,20,31,50,96,298,0,,noahjo01
301,Tyler Dorsey,22,2TM,SG,48,11,698,107,264,.405,44,132,.333,63,132,.477,.489,38,61,.623,27,86,113,56,14,2,27,53,296,0,,dorsety01
301,Tyler Dorsey,22,ATL,SG,27,0,251,32,89,.360,10,39,.256,22,50,.440,.416,16,26,.615,9,34,43,17,7,1,10,20,90,0,,dorsety01
301,Tyler Dorsey,22,MEM,SG,21,11,447,75,175,.429,34,93,.366,41,82,.500,.526,22,35,.629,18,52,70,39,7,1,17,33,206,0,,dorsety01
302,Aaron Holiday,22,IND,PG,50,0,646,105,262,.401,43,127,.339,62,135,.459,.483,41,50,.820,5,62,67,87,21,13,40,71,294,0,,holidaa01
303,Mo Bamba,20,ORL,C,47,1,766,117,243,.481,21,70,.300,96,173,.555,.525,37,63,.587,64,169,233,39,13,64,43,102,292,0,,bambamo01
304,Dante Exum,23,UTA,PG,42,1,664,101,241,.419,18,62,.290,83,179,.464,.456,68,86,.791,16,52,68,110,14,5,52,69,288,0,,exumda01
305,Jared Dudley,33,BRK,PF,59,25,1220,101,239,.423,53,151,.351,48,88,.545,.533,32,46,.696,34,121,155,83,36,16,43,131,287,0,,dudleja01
306,Sam Dekker,24,2TM,PF,47,5,788,120,256,.469,19,62,.306,101,194,.521,.506,28,46,.609,53,95,148,46,38,7,24,47,287,0,,dekkesa01
306,Sam Dekker,24,CLE,PF,9,5,169,22,48,.458,5,13,.385,17,35,.486,.510,8,10,.800,9,24,33,9,11,0,5,13,57,0,,dekkesa01
306,Sam Dekker,24,WAS,PF,38,0,619,98,208,.471,14,49,.286,84,159,.528,.505,20,36,.556,44,71,115,37,27,7,19,34,230,0,,dekkesa01
307,Aron Baynes,32,BOS,C,51,18,821,105,223,.471,21,61,.344,84,162,.519,.518,53,62,.855,88,152,240,57,12,34,40,125,284,0,,baynear01
308,Ivan Rabb,21,MEM,PF,49,13,721,116,212,.547,3,15,.200,113,197,.574,.554,49,69,.710,70,136,206,54,17,14,35,90,284,0,,rabbiv01
309,Bruno Caboclo,23,MEM,PF,34,19,800,96,225,.427,48,130,.369,48,95,.505,.533,42,50,.840,42,116,158,50,14,33,38,81,282,0,,cabocbr01
310,Matthew Dellavedova,28,2TM,PG,48,0,812,98,242,.405,44,130,.338,54,112,.482,.496,42,52,.808,6,71,77,181,14,2,68,75,282,0,,dellama01
310,Matthew Dellavedova,28,MIL,PG,12,0,97,6,19,.316,4,11,.364,2,8,.250,.421,4,4,1.000,0,10,10,29,2,0,11,9,20,0,,dellama01
310,Matthew Dellavedova,28,CLE,PG,36,0,715,92,223,.413,40,119,.336,52,104,.500,.502,38,48,.792,6,61,67,152,12,2,57,66,262,0,,dellama01
311,D.J. Wilson,22,MIL,PF,48,3,882,104,251,.414,46,127,.362,58,124,.468,.506,26,47,.553,45,177,222,52,18,20,32,85,280,0,,wilsodj01
312,Furkan Korkmaz,21,PHI,SG,48,7,679,98,245,.400,47,144,.326,51,101,.505,.496,36,44,.818,16,91,107,52,29,2,25,62,279,0,,korkmfu01
313,Kenrich Williams,24,NOP,SF,46,29,1079,107,279,.384,52,156,.333,55,123,.447,.477,13,19,.684,55,164,219,83,45,19,36,95,279,0,,willike04
314,Omari Spellman,21,ATL,PF,46,11,805,98,244,.402,44,128,.344,54,116,.466,.492,32,45,.711,72,122,194,47,26,25,31,67,272,0,,spellom01
315,Chasson Randle,25,WAS,PG,49,2,743,91,217,.419,46,115,.400,45,102,.441,.525,43,62,.694,10,46,56,97,25,3,43,91,271,0,,randlch01
316,Zaza Pachulia,34,DET,C,68,3,878,85,193,.440,0,4,.000,85,189,.450,.440,97,124,.782,99,166,265,91,31,17,57,151,267,0,,pachuza01
317,Brandon Knight,27,2TM,PG,39,26,736,99,260,.381,41,129,.318,58,131,.443,.460,27,34,.794,10,49,59,71,21,2,30,62,266,0,,knighbr03
317,Brandon Knight,27,HOU,PG,12,0,118,11,47,.234,5,32,.156,6,15,.400,.287,9,11,.818,1,8,9,9,2,0,5,14,36,0,,knighbr03
317,Brandon Knight,27,CLE,PG,27,26,618,88,213,.413,36,97,.371,52,116,.448,.498,18,23,.783,9,41,50,62,19,2,25,48,230,0,,knighbr03
318,Shaun Livingston,33,GSW,PG,64,0,967,109,210,.519,0,2,.000,109,208,.524,.519,40,51,.784,42,75,117,114,31,27,38,74,258,0,,livinsh01
319,Jerian Grant,26,ORL,PG,60,1,939,92,220,.418,40,110,.364,52,110,.473,.509,26,40,.650,19,79,98,156,44,6,51,78,250,0,,grantje02
320,De'Anthony Melton,20,PHO,PG,50,31,984,100,256,.391,29,95,.305,71,161,.441,.447,21,28,.750,25,109,134,159,68,23,75,113,250,0,,meltode01
321,Cameron Payne,24,2TM,PG,40,13,712,96,223,.430,25,84,.298,71,139,.511,.487,33,41,.805,13,59,72,106,28,9,45,64,250,0,,payneca01
321,Cameron Payne,24,CHI,PG,31,12,536,69,168,.411,16,59,.271,53,109,.486,.458,22,25,.880,10,43,53,83,20,6,34,49,176,0,,payneca01
321,Cameron Payne,24,CLE,PG,9,1,176,27,55,.491,9,25,.360,18,30,.600,.573,11,16,.688,3,16,19,23,8,3,11,15,74,0,,payneca01
322,Troy Brown Jr.,19,WAS,SF,52,10,730,97,234,.415,22,69,.319,75,165,.455,.462,32,47,.681,35,110,145,80,21,5,30,56,248,0,,browntr01
323,Frank Ntilikina,20,NYK,PG,43,16,904,95,282,.337,33,115,.287,62,167,.371,.395,23,30,.767,12,75,87,121,30,14,56,104,246,0,,ntilila01
324,Abdel Nader,25,OKC,SF,61,1,694,91,215,.423,32,100,.320,59,115,.513,.498,27,36,.750,14,102,116,20,20,12,26,68,241,0,,naderab01
325,Khem Birch,26,ORL,C,50,1,643,91,151,.603,0,1,.000,91,150,.607,.603,58,83,.699,79,111,190,38,18,29,20,72,240,0,,birchkh01
326,Cristiano Felício,26,CHI,C,60,0,746,95,179,.531,0,4,.000,95,175,.543,.531,50,73,.685,79,139,218,37,11,7,33,69,240,0,,feliccr01
327,Bismack Biyombo,26,CHO,C,54,32,783,89,156,.571,0,0,,89,156,.571,.571,58,91,.637,81,166,247,33,11,41,34,103,236,0,,biyombi01
328,Georges Niang,25,UTA,PF,59,0,516,86,181,.475,43,105,.410,43,76,.566,.594,20,24,.833,11,76,87,35,10,6,23,57,235,0,,niangge01
329,Marcin Gortat,34,LAC,C,47,43,751,99,186,.532,0,0,,99,186,.532,.532,35,48,.729,67,194,261,65,6,24,50,92,233,0,,gortama01
330,Timothé Luwawu-Cabarrot,23,2TM,SF,50,7,669,82,218,.376,36,116,.310,46,102,.451,.459,31,41,.756,11,86,97,26,19,8,21,73,231,0,,luwawti01
330,Timothé Luwawu-Cabarrot,23,OKC,SF,21,1,123,13,43,.302,5,22,.227,8,21,.381,.360,4,6,.667,4,14,18,4,4,1,5,14,35,0,,luwawti01
330,Timothé Luwawu-Cabarrot,23,CHI,SF,29,6,546,69,175,.394,31,94,.330,38,81,.469,.483,27,35,.771,7,72,79,22,15,7,16,59,196,0,,luwawti01
331,Dragan Bender,21,PHO,PF,46,27,826,88,197,.447,22,101,.218,66,96,.688,.503,32,54,.593,34,149,183,56,18,22,37,90,230,0,,bendedr01
332,Greg Monroe,28,3TM,C,43,2,480,92,189,.487,1,5,.200,91,184,.495,.489,45,72,.625,67,105,172,24,14,8,32,66,230,0,,monrogr01
332,Greg Monroe,28,TOR,C,38,2,423,74,161,.460,0,4,.000,74,157,.471,.460,35,61,.574,60,96,156,16,13,8,31,61,183,0,,monrogr01
332,Greg Monroe,28,BOS,C,2,0,5,3,5,.600,0,0,,3,5,.600,.600,0,0,,3,0,3,1,0,0,0,0,6,0,,monrogr01
332,Greg Monroe,28,PHI,C,3,0,52,15,23,.652,1,1,1.000,14,22,.636,.674,10,11,.909,4,9,13,7,1,0,1,5,41,0,,monrogr01
333,Alex Caruso,24,LAL,PG,25,4,531,77,173,.445,24,50,.480,53,123,.431,.514,51,64,.797,20,47,67,77,24,9,42,54,229,0,,carusal01
334,Chandler Hutchison,22,CHI,SF,44,14,895,96,209,.459,14,50,.280,82,159,.516,.493,23,38,.605,31,154,185,34,23,6,25,59,229,0,,hutchch01
335,Patrick Patterson,29,OKC,PF,63,5,861,82,219,.374,46,137,.336,36,82,.439,.479,19,30,.633,42,105,147,31,16,13,22,46,229,0,,pattepa01
336,Omri Casspi,30,MEM,SF,36,0,520,86,161,.534,15,43,.349,71,118,.602,.581,39,58,.672,17,98,115,26,20,9,23,35,226,0,,casspom01
337,T.J. Leaf,21,IND,PF,58,1,522,99,183,.541,8,31,.258,91,152,.599,.563,19,31,.613,43,82,125,24,9,19,12,35,225,0,,leaftj01
338,Jordan Bell,24,GSW,C,68,3,788,99,192,.516,0,2,.000,99,190,.521,.516,25,41,.610,55,129,184,76,20,51,42,80,223,0,,belljo01
339,Tyrone Wallace,24,LAC,PG,62,0,628,92,217,.424,4,19,.211,88,198,.444,.433,30,57,.526,20,81,101,42,21,7,36,83,218,0,,wallaty01
340,Devonte' Graham,23,CHO,PG,46,3,676,74,216,.343,34,121,.281,40,95,.421,.421,35,46,.761,10,53,63,121,23,2,30,48,217,0,,grahade01
341,Grayson Allen,23,UTA,SG,38,2,416,67,178,.376,32,99,.323,35,79,.443,.466,45,60,.750,3,20,23,25,6,6,33,47,211,0,,allengr01
342,Jerryd Bayless,30,MIN,PG,34,6,657,82,230,.357,29,98,.296,53,132,.402,.420,16,28,.571,11,51,62,119,18,2,32,56,209,0,,bayleje01
343,Jonah Bolden,23,PHI,PF,44,10,639,80,162,.494,34,96,.354,46,66,.697,.599,13,27,.481,47,118,165,40,17,39,36,99,207,0,,boldejo01
344,Moritz Wagner,21,LAL,C,43,5,446,71,171,.415,22,77,.286,49,94,.521,.480,43,53,.811,17,68,85,24,11,13,39,57,207,0,,wagnemo01
345,Lance Thomas,30,NYK,PF,46,17,783,78,197,.396,22,79,.278,56,118,.475,.452,27,36,.750,21,96,117,27,17,7,24,83,205,0,,thomala01
346,Amir Johnson,31,PHI,C,51,6,529,79,157,.503,12,40,.300,67,117,.573,.541,31,41,.756,47,100,147,60,16,13,45,99,201,0,,johnsam01
347,Glenn Robinson III,25,DET,SF,47,18,610,74,176,.420,18,62,.290,56,114,.491,.472,32,40,.800,17,54,71,21,14,8,18,45,198,0,,robingl02
348,Raul Neto,26,UTA,PG,37,1,474,74,161,.460,20,60,.333,54,101,.535,.522,28,33,.848,6,56,62,93,14,4,35,49,196,0,,netora01
349,Frank Mason III,24,SAC,PG,38,0,435,71,169,.420,14,64,.219,57,105,.543,.462,39,57,.684,6,37,43,84,16,4,36,34,195,0,,masonfr01
350,Dante Cunningham,31,SAS,PF,64,21,928,75,158,.475,30,65,.462,45,93,.484,.570,14,18,.778,48,140,188,50,27,13,22,71,194,0,,cunnida01
351,Solomon Hill,27,NOP,SF,44,15,878,68,178,.382,32,101,.317,36,77,.468,.472,23,32,.719,34,99,133,55,23,10,31,80,191,0,,hillso01
352,MarShon Brooks,30,MEM,SG,29,0,387,76,169,.450,15,54,.278,61,115,.530,.494,23,33,.697,12,33,45,25,9,4,21,33,190,0,,brookma01
353,Hamidou Diallo,20,OKC,SG,51,3,526,75,165,.455,4,24,.167,71,141,.504,.467,36,59,.610,38,59,97,17,21,10,23,77,190,0,,diallha01
354,Thabo Sefolosha,34,UTA,SF,50,2,609,71,149,.477,34,78,.436,37,71,.521,.591,14,22,.636,8,115,123,27,43,5,25,41,190,0,,sefolth01
355,Kadeem Allen,26,NYK,PG,19,1,416,65,141,.461,17,36,.472,48,105,.457,.521,42,54,.778,8,43,51,76,16,4,26,46,189,0,,allenka01
356,Chandler Parsons,30,MEM,SF,25,3,496,68,182,.374,29,94,.309,39,88,.443,.453,22,25,.880,4,66,70,43,19,5,32,45,187,0,,parsoch01
357,Semi Ojeleye,24,BOS,PF,56,3,594,67,158,.424,28,89,.315,39,69,.565,.513,24,39,.615,24,62,86,23,10,4,19,43,186,0,,ojelese01
358,Treveon Graham,25,BRK,SG,35,21,715,64,191,.335,38,128,.297,26,63,.413,.435,18,22,.818,23,84,107,34,13,7,17,68,184,0,,grahatr01
359,Marquese Chriss,21,2TM,PF,43,2,499,67,180,.372,16,72,.222,51,108,.472,.417,32,45,.711,40,102,142,22,17,11,36,81,182,0,,chrisma01
359,Marquese Chriss,21,HOU,PF,16,0,104,11,34,.324,1,15,.067,10,19,.526,.338,6,7,.857,7,21,28,6,2,4,12,17,29,0,,chrisma01
359,Marquese Chriss,21,CLE,PF,27,2,395,56,146,.384,15,57,.263,41,89,.461,.435,26,38,.684,33,81,114,16,15,7,24,64,153,0,,chrisma01
360,Michael Beasley,30,LAL,PF,26,2,277,75,153,.490,3,17,.176,72,136,.529,.500,28,39,.718,13,47,60,25,9,10,27,42,181,0,,beaslmi01
361,Isaiah Canaan,27,3TM,PG,30,16,629,64,164,.390,34,96,.354,30,68,.441,.494,19,24,.792,6,52,58,84,14,2,35,52,181,0,,canaais01
361,Isaiah Canaan,27,PHO,PG,19,15,503,51,129,.395,25,72,.347,26,57,.456,.492,15,20,.750,5,44,49,62,12,0,29,46,142,0,,canaais01
361,Isaiah Canaan,27,MIN,PG,7,1,95,11,29,.379,7,19,.368,4,10,.400,.500,4,4,1.000,0,5,5,19,2,1,4,4,33,0,,canaais01
361,Isaiah Canaan,27,MIL,PG,4,0,31,2,6,.333,2,5,.400,0,1,.000,.500,0,0,,1,3,4,3,0,1,2,2,6,0,,canaais01
362,Justin Anderson,25,ATL,SF,48,4,463,64,157,.408,24,77,.312,40,80,.500,.484,26,35,.743,24,60,84,23,22,13,23,48,178,0,,anderju01
363,Tyson Chandler,36,2TM,C,55,6,875,61,99,.616,0,1,.000,61,98,.622,.616,51,87,.586,92,215,307,37,21,23,42,110,173,0,,chandty01
363,Tyson Chandler,36,PHO,C,7,0,89,8,12,.667,0,0,,8,12,.667,.667,10,18,.556,7,32,39,6,2,1,7,21,26,0,,chandty01
363,Tyson Chandler,36,LAL,C,48,6,786,53,87,.609,0,1,.000,53,86,.616,.609,41,69,.594,85,183,268,31,19,22,35,89,147,0,,chandty01
364,Jevon Carter,23,MEM,PG,39,3,577,56,185,.303,34,102,.333,22,83,.265,.395,26,32,.813,14,52,66,69,26,11,33,55,172,0,,carteje01
365,Christian Wood,23,2TM,PF,21,2,251,61,117,.521,9,26,.346,52,91,.571,.560,41,56,.732,17,66,83,8,7,10,17,17,172,0,,woodch01
365,Christian Wood,23,MIL,PF,13,0,62,12,25,.480,3,5,.600,9,20,.450,.540,10,15,.667,4,16,20,2,0,0,3,3,37,0,,woodch01
365,Christian Wood,23,NOP,PF,8,2,189,49,92,.533,6,21,.286,43,71,.606,.565,31,41,.756,13,50,63,6,7,10,14,14,135,0,,woodch01
366,Ryan Broekhoff,28,DAL,SG,42,0,453,57,126,.452,38,93,.409,19,33,.576,.603,15,19,.789,8,55,63,22,6,4,16,35,167,0,,broekry01
367,Álex Abrines,25,OKC,SG,31,2,588,56,157,.357,41,127,.323,15,30,.500,.487,12,13,.923,5,43,48,20,17,6,14,53,165,0,,abrinal01
368,Jordan McRae,27,WAS,SG,27,0,333,61,130,.469,10,35,.286,51,95,.537,.508,28,35,.800,6,34,40,30,13,7,15,26,160,0,,mcraejo01
369,Damion Lee,26,GSW,SG,32,0,375,56,127,.441,27,68,.397,29,59,.492,.547,19,22,.864,8,56,64,13,13,0,11,28,158,0,,leeda03
370,Luol Deng,33,MIN,SF,22,2,392,59,118,.500,14,44,.318,45,74,.608,.559,25,35,.714,20,53,73,18,15,8,14,24,157,0,,denglu01
371,Johnathan Williams,23,LAL,C,24,0,372,65,110,.591,0,2,.000,65,108,.602,.591,27,48,.563,48,51,99,13,8,7,16,62,157,0,,willijo04
372,Kosta Koufos,29,SAC,C,42,1,502,73,153,.477,0,0,,73,153,.477,.477,10,24,.417,52,125,177,36,15,18,27,68,156,0,,koufoko01
373,Jon Leuer,29,DET,PF,41,1,402,66,113,.584,1,11,.091,65,102,.637,.588,23,31,.742,27,70,97,14,12,4,23,60,156,0,,leuerjo01
374,Kyle O'Quinn,28,IND,C,45,3,371,69,136,.507,1,12,.083,68,124,.548,.511,17,21,.810,29,90,119,56,9,25,31,68,156,0,,oquinky01
375,Markelle Fultz,20,PHI,SG,19,15,427,65,155,.419,4,14,.286,61,141,.433,.432,21,37,.568,26,44,70,59,17,5,25,52,155,0,,fultzma01
376,Keita Bates-Diop,23,MIN,SF,30,3,503,60,142,.423,13,52,.250,47,90,.522,.468,18,28,.643,16,67,83,17,18,14,14,29,151,0,,bateske01
377,Nenê,36,HOU,C,42,2,546,60,116,.517,0,3,.000,60,113,.531,.517,31,47,.660,34,89,123,26,18,15,11,87,151,0,,hilarne01
378,Corey Brewer,32,2TM,SF,31,3,492,53,123,.431,14,44,.318,39,79,.494,.488,31,43,.721,26,50,76,39,32,7,19,63,151,0,,breweco01
378,Corey Brewer,32,PHI,SF,7,3,140,20,49,.408,4,14,.286,16,35,.457,.449,9,13,.692,4,13,17,10,12,2,8,16,53,0,,breweco01
378,Corey Brewer,32,SAC,SF,24,0,352,33,74,.446,10,30,.333,23,44,.523,.514,22,30,.733,22,37,59,29,20,5,11,47,98,0,,breweco01
379,Gary Clark,24,HOU,PF,51,2,641,50,151,.331,41,138,.297,9,13,.692,.467,7,7,1.000,24,92,116,18,20,26,7,47,148,0,,clarkga01
380,Raymond Felton,34,OKC,PG,33,0,379,55,135,.407,20,61,.328,35,74,.473,.481,12,13,.923,4,30,34,52,10,6,14,29,142,0,,feltora01
381,Salah Mejri,32,DAL,C,36,4,399,55,112,.491,11,34,.324,44,78,.564,.540,20,32,.625,36,95,131,35,10,26,21,55,141,0,,mejrisa01
382,Brad Wanamaker,29,BOS,PG,36,0,343,50,105,.476,16,39,.410,34,66,.515,.552,24,28,.857,3,38,41,56,12,2,19,34,140,0,,wanambr01
383,Ian Mahinmi,32,WAS,C,34,6,498,47,104,.452,3,16,.188,44,88,.500,.466,42,61,.689,48,80,128,25,25,16,21,84,139,0,,mahinia01
384,Isaiah Briscoe,22,ORL,PG,39,0,559,55,138,.399,11,34,.324,44,104,.423,.438,15,26,.577,5,69,74,87,11,2,31,66,136,0,,briscis01
385,Courtney Lee,33,2TM,SG,34,6,428,53,129,.411,16,55,.291,37,74,.500,.473,14,21,.667,9,45,54,37,21,3,14,32,136,0,,leeco01
385,Courtney Lee,33,NYK,SG,12,2,160,21,47,.447,5,16,.313,16,31,.516,.500,9,14,.643,6,21,27,16,8,2,5,13,56,0,,leeco01
385,Courtney Lee,33,DAL,SG,22,4,268,32,82,.390,11,39,.282,21,43,.488,.457,5,7,.714,3,24,27,21,13,1,9,19,80,0,,leeco01
386,Dillon Brooks,23,MEM,SF,18,0,330,49,122,.402,15,40,.375,34,82,.415,.463,22,30,.733,9,22,31,16,10,4,19,50,135,0,,brookdi01
387,Carmelo Anthony,34,HOU,PF,10,2,294,49,121,.405,21,64,.328,28,57,.491,.492,15,22,.682,9,45,54,5,4,7,8,32,134,0,,anthoca01
388,Michael Carter-Williams,27,2TM,PG,28,1,372,46,123,.374,10,38,.263,36,85,.424,.415,32,53,.604,19,51,70,70,20,15,20,48,134,0,,cartemi01
388,Michael Carter-Williams,27,HOU,PG,16,1,145,25,61,.410,7,19,.368,18,42,.429,.467,12,26,.462,3,10,13,21,9,6,10,27,69,0,,cartemi01
388,Michael Carter-Williams,27,ORL,PG,12,0,227,21,62,.339,3,19,.158,18,43,.419,.363,20,27,.741,16,41,57,49,11,9,10,21,65,0,,cartemi01
389,Svi Mykhailiuk,21,2TM,SF,42,0,440,46,140,.329,29,89,.326,17,51,.333,.432,12,20,.600,9,27,36,37,14,1,21,25,133,0,,mykhasv01
389,Svi Mykhailiuk,21,LAL,SF,39,0,420,44,132,.333,27,85,.318,17,47,.362,.436,12,20,.600,8,26,34,33,13,1,20,25,127,0,,mykhasv01
389,Svi Mykhailiuk,21,DET,SF,3,0,20,2,8,.250,2,4,.500,0,4,.000,.375,0,0,,1,1,2,4,1,0,1,0,6,0,,mykhasv01
390,Donte DiVincenzo,22,MIL,SG,27,0,411,50,124,.403,22,83,.265,28,41,.683,.492,9,12,.750,16,49,65,31,13,6,19,38,131,0,,divindo01
391,Damian Jones,23,GSW,C,24,22,410,53,74,.716,0,0,,53,74,.716,.716,24,37,.649,31,44,75,28,12,25,16,63,130,0,,jonesda03
392,Channing Frye,35,CLE,C,36,6,341,43,117,.368,32,79,.405,11,38,.289,.504,11,14,.786,4,48,52,20,6,5,13,44,129,0,,fryech01
393,Wesley Johnson,31,2TM,SF,38,13,534,45,128,.352,25,76,.329,20,52,.385,.449,13,19,.684,12,60,72,23,14,12,18,63,128,0,,johnswe01
393,Wesley Johnson,31,NOP,SF,26,13,377,35,88,.398,19,50,.380,16,38,.421,.506,6,9,.667,10,44,54,16,12,7,12,45,95,0,,johnswe01
393,Wesley Johnson,31,WAS,SF,12,0,157,10,40,.250,6,26,.231,4,14,.286,.325,7,10,.700,2,16,18,7,2,5,6,18,33,0,,johnswe01
394,John Jenkins,27,2TM,SG,26,0,333,42,105,.400,22,58,.379,20,47,.426,.505,15,18,.833,6,31,37,22,0,2,9,10,121,0,,jenkijo01
394,John Jenkins,27,WAS,SG,4,0,14,2,2,1.000,2,2,1.000,0,0,,1.500,0,0,,0,1,1,1,0,0,0,0,6,0,,jenkijo01
394,John Jenkins,27,NYK,SG,22,0,319,40,103,.388,20,56,.357,20,47,.426,.485,15,18,.833,6,30,36,21,0,2,9,10,115,0,,jenkijo01
395,Ekpe Udoh,31,UTA,C,51,1,320,50,72,.694,0,0,,50,72,.694,.694,19,30,.633,27,63,90,28,10,31,13,36,119,0,,udohek01
396,Pau Gasol,38,2TM,C,30,6,360,42,94,.447,6,13,.462,36,81,.444,.479,28,40,.700,22,115,137,52,5,15,16,29,118,0,,gasolpa01
396,Pau Gasol,38,SAS,C,27,6,330,41,88,.466,5,10,.500,36,78,.462,.494,27,38,.711,22,105,127,50,5,14,14,28,114,0,,gasolpa01
396,Pau Gasol,38,MIL,C,3,0,30,1,6,.167,1,3,.333,0,3,.000,.250,1,2,.500,0,10,10,2,0,1,2,1,4,0,,gasolpa01
397,Dwight Howard,33,WAS,C,9,9,230,43,69,.623,0,0,,43,69,.623,.623,29,48,.604,24,59,83,4,7,4,16,34,115,0,,howardw01
398,Jarell Martin,24,ORL,PF,42,1,328,43,104,.413,20,57,.351,23,47,.489,.510,9,11,.818,11,62,73,18,3,8,11,51,115,0,,martija01
399,Jaron Blossomgame,25,CLE,SF,27,4,439,47,106,.443,10,39,.256,37,67,.552,.491,10,13,.769,26,72,98,13,7,8,11,20,114,0,,blossja01
400,Henry Ellenson,22,2TM,PF,19,0,259,39,95,.411,17,38,.447,22,57,.386,.500,19,25,.760,5,61,66,16,7,2,9,27,114,0,,ellenhe01
400,Henry Ellenson,22,DET,PF,2,0,25,4,10,.400,2,4,.500,2,6,.333,.500,2,2,1.000,0,9,9,1,0,0,0,2,12,0,,ellenhe01
400,Henry Ellenson,22,NYK,PF,17,0,234,35,85,.412,15,34,.441,20,51,.392,.500,17,23,.739,5,52,57,15,7,2,9,25,102,0,,ellenhe01
401,José Calderón,37,DET,PG,49,0,632,45,120,.375,14,57,.246,31,63,.492,.433,9,11,.818,11,49,60,115,16,3,35,64,113,0,,caldejo01
402,Jerome Robinson,21,LAC,SG,33,0,320,44,110,.400,18,57,.316,26,53,.491,.482,6,9,.667,3,38,41,19,11,3,13,46,112,0,,robinje01
403,Troy Williams,24,SAC,SF,21,0,312,44,98,.449,14,44,.318,30,54,.556,.520,9,15,.600,12,47,59,11,10,8,9,37,111,0,,willitr02
404,Jaylen Adams,22,ATL,PG,34,1,428,38,110,.345,25,74,.338,13,36,.361,.459,7,9,.778,11,49,60,65,14,5,28,45,108,0,,adamsja01
405,Alex Poythress,25,ATL,PF,21,1,305,40,81,.494,9,23,.391,31,58,.534,.549,18,29,.621,29,47,76,17,4,10,13,47,107,0,,poythal01
406,Johnathan Motley,23,LAC,PF,22,0,156,39,73,.534,0,3,.000,39,70,.557,.534,24,40,.600,18,33,51,11,5,3,16,27,102,0,,motlejo01
407,Quincy Pondexter,30,SAS,SF,53,0,292,29,58,.500,6,18,.333,23,40,.575,.552,34,42,.810,8,38,46,24,11,1,13,24,98,0,,pondequ01
408,Isaiah Thomas,29,DEN,SG,12,0,181,34,99,.343,12,43,.279,22,56,.393,.404,17,27,.630,5,8,13,23,5,1,18,17,97,0,,thomais02
409,Cameron Reynolds,23,MIN,SG,19,0,259,33,78,.423,21,51,.412,12,27,.444,.558,8,9,.889,4,27,31,13,6,2,5,26,95,0,,reynoca01
410,Guerschon Yabusele,23,BOS,PF,41,1,251,35,77,.455,9,28,.321,26,49,.531,.513,15,22,.682,23,30,53,15,8,7,15,32,94,0,,yabusgu01
411,Chris Boucher,26,TOR,PF,28,0,163,34,76,.447,12,37,.324,22,39,.564,.526,13,15,.867,16,40,56,2,6,24,7,31,93,0,,bouchch01
412,Shake Milton,22,PHI,SG,20,0,268,34,87,.391,14,44,.318,20,43,.465,.471,5,7,.714,9,26,35,18,8,8,6,29,87,0,,miltosh01
413,Walt Lemon Jr.,26,CHI,PG,6,3,167,38,87,.437,2,5,.400,36,82,.439,.448,8,11,.727,4,23,27,30,11,1,10,14,86,0,,lemonwa01
414,Deonte Burton,25,OKC,SG,32,0,240,33,82,.402,8,27,.296,25,55,.455,.451,8,12,.667,4,24,28,9,6,8,9,31,82,0,,burtode02
415,Jalen Jones,25,CLE,SF,16,0,214,26,62,.419,10,28,.357,16,34,.471,.500,19,27,.704,11,23,34,7,9,2,8,27,81,0,,jonesja04
416,Theo Pinson,23,BRK,SG,18,0,211,25,73,.342,12,46,.261,13,27,.481,.425,19,22,.864,4,32,36,21,6,0,18,15,81,0,,pinsoth01
417,Robert Williams,21,BOS,C,32,2,283,36,51,.706,0,0,,36,51,.706,.706,9,15,.600,27,54,81,7,9,40,10,36,81,0,,williro04
418,Miles Plumlee,30,ATL,C,18,0,173,32,48,.667,0,0,,32,48,.667,.667,16,30,.533,16,23,39,17,6,4,10,14,80,0,,plumlmi01
419,JaKarr Sampson,25,CHI,SF,4,0,127,29,54,.537,5,14,.357,24,40,.600,.583,17,21,.810,5,27,32,4,4,3,4,8,80,0,,sampsja02
420,John Henson,28,MIL,C,14,0,188,31,67,.463,11,31,.355,20,36,.556,.545,6,10,.600,16,55,71,14,7,11,12,16,79,0,,hensojo01
421,Ben McLemore,25,SAC,SG,19,0,158,25,64,.391,17,41,.415,8,23,.348,.523,8,12,.667,3,14,17,4,6,3,5,22,75,0,,mclembe01
422,Anfernee Simons,19,POR,SG,20,1,141,28,63,.444,10,29,.345,18,34,.529,.524,9,16,.563,3,10,13,13,1,0,11,9,75,0,,simonan01
423,J.R. Smith,33,CLE,SG,11,4,222,27,79,.342,12,39,.308,15,40,.375,.418,8,10,.800,0,18,18,21,11,3,11,19,74,0,,smithjr01
424,Patrick McCaw,23,2TM,SG,29,1,397,26,63,.413,9,28,.321,17,35,.486,.484,13,15,.867,7,41,48,29,23,2,17,38,74,0,,mccawpa01
424,Patrick McCaw,23,CLE,SG,3,0,53,2,9,.222,1,4,.250,1,5,.200,.278,0,0,,0,3,3,2,2,0,3,1,5,0,,mccawpa01
424,Patrick McCaw,23,TOR,SG,26,1,344,24,54,.444,8,24,.333,16,30,.533,.519,13,15,.867,7,38,45,27,21,2,14,37,69,0,,mccawpa01
425,Brandon Sampson,21,CHI,SG,14,2,214,28,60,.467,11,29,.379,17,31,.548,.558,4,6,.667,3,13,16,10,8,3,12,19,71,0,,sampsbr01
426,Skal Labissière,22,2TM,PF,22,1,176,26,49,.531,6,13,.462,20,36,.556,.592,9,17,.529,9,34,43,11,5,6,11,29,67,0,,labissk01
426,Skal Labissière,22,SAC,PF,13,0,113,13,30,.433,4,11,.364,9,19,.474,.500,6,11,.545,4,20,24,6,2,3,7,21,36,0,,labissk01
426,Skal Labissière,22,POR,PF,9,1,63,13,19,.684,2,2,1.000,11,17,.647,.737,3,6,.500,5,14,19,5,3,3,4,8,31,0,,labissk01
427,Edmond Sumner,23,IND,PG,23,2,210,22,64,.344,7,27,.259,15,37,.405,.398,15,24,.625,9,15,24,10,12,5,10,26,66,0,,sumneed01
428,Jason Smith,32,3TM,C,20,1,190,21,59,.356,9,26,.346,12,33,.364,.432,14,16,.875,16,36,52,14,3,7,13,30,65,0,,smithja02
428,Jason Smith,32,WAS,C,12,1,130,15,37,.405,4,10,.400,11,27,.407,.459,10,12,.833,11,26,37,12,1,5,7,21,44,0,,smithja02
428,Jason Smith,32,MIL,PF,6,0,40,4,13,.308,3,9,.333,1,4,.250,.423,2,2,1.000,3,8,11,1,2,2,5,6,13,0,,smithja02
428,Jason Smith,32,NOP,C,2,0,20,2,9,.222,2,7,.286,0,2,.000,.333,2,2,1.000,2,2,4,1,0,0,1,3,8,0,,smithja02
429,Ryan Anderson,30,2TM,PF,25,8,322,21,69,.304,9,40,.225,12,29,.414,.370,12,16,.750,18,36,54,19,4,1,14,25,63,0,,anderry01
429,Ryan Anderson,30,PHO,PF,15,8,278,19,60,.317,7,34,.206,12,26,.462,.375,11,14,.786,14,31,45,17,3,1,12,23,56,0,,anderry01
429,Ryan Anderson,30,MIA,PF,10,0,44,2,9,.222,2,6,.333,0,3,.000,.333,1,2,.500,4,5,9,2,1,0,2,2,7,0,,anderry01
430,Sindarius Thornwell,24,LAC,SG,64,1,313,17,49,.347,3,15,.200,14,34,.412,.378,25,34,.735,5,39,44,18,14,7,20,41,62,0,,thornsi01
431,Khyri Thomas,22,DET,SG,26,0,195,22,69,.319,10,35,.286,12,34,.353,.391,7,11,.636,4,16,20,8,7,5,4,22,61,0,,thomakh01
432,Daniel Hamilton,23,ATL,SG,19,3,204,23,60,.383,8,23,.348,15,37,.405,.450,3,6,.500,10,37,47,22,6,1,16,19,57,0,,hamilda02
433,Lorenzo Brown,28,TOR,PG,26,0,212,23,71,.324,6,28,.214,17,43,.395,.366,3,3,1.000,5,26,31,28,12,5,16,22,55,0,,brownlo01
434,Ray Spalding,21,2TM,PF,14,3,148,25,47,.532,0,3,.000,25,44,.568,.532,4,12,.333,15,33,48,5,9,8,9,23,54,0,,spaldra01
434,Ray Spalding,21,DAL,PF,1,0,1,0,0,,0,0,,0,0,,,0,0,,0,0,0,0,0,0,0,0,0,0,,spaldra01
434,Ray Spalding,21,PHO,PF,13,3,147,25,47,.532,0,3,.000,25,44,.568,.532,4,12,.333,15,33,48,5,9,8,9,23,54,0,,spaldra01
435,Andrew Harrison,24,3TM,PG,17,0,187,16,53,.302,5,25,.200,11,28,.393,.349,17,18,.944,6,14,20,24,4,2,12,34,54,0,,harrian01
435,Andrew Harrison,24,MEM,PG,1,0,5,1,2,.500,0,1,.000,1,1,1.000,.500,0,0,,0,0,0,0,0,0,0,1,2,0,,harrian01
435,Andrew Harrison,24,CLE,PG,10,0,144,12,39,.308,3,14,.214,9,25,.360,.346,16,16,1.000,4,11,15,17,4,2,10,26,43,0,,harrian01
435,Andrew Harrison,24,NOP,PG,6,0,38,3,12,.250,2,10,.200,1,2,.500,.333,1,2,.500,2,3,5,7,0,0,2,7,9,0,,harrian01
436,Isaiah Hartenstein,20,HOU,PF,28,0,221,20,41,.488,2,6,.333,18,35,.514,.512,11,14,.786,21,26,47,15,7,12,13,56,53,0,,harteis01
437,Jodie Meeks,31,TOR,SG,8,0,104,21,39,.538,8,18,.444,13,21,.619,.641,1,1,1.000,1,11,12,8,1,1,2,5,51,0,,meeksjo01
438,Chimezie Metu,21,SAS,PF,29,0,145,19,58,.328,0,2,.000,19,56,.339,.328,13,17,.765,9,27,36,13,6,2,15,14,51,0,,metuch01
439,Duncan Robinson,24,MIA,SF,15,1,161,18,46,.391,10,35,.286,8,11,.727,.500,4,6,.667,2,17,19,5,5,0,4,11,50,0,,robindu01
440,Miloš Teodosić,31,LAC,PG,15,0,150,17,40,.425,10,27,.370,7,13,.538,.550,4,7,.571,3,13,16,32,3,1,21,27,48,0,,teodomi01
441,Devin Robinson,23,WAS,SF,7,0,95,19,32,.594,0,2,.000,19,30,.633,.594,9,14,.643,6,14,20,6,4,6,2,11,47,0,,robinde01
442,Marcus Derrickson,22,GSW,PF,11,0,67,16,33,.485,10,20,.500,6,13,.462,.636,4,5,.800,8,5,13,1,0,1,3,9,46,0,,derrima01
443,Tyler Zeller,29,2TM,C,6,1,93,16,30,.533,0,1,.000,16,29,.552,.533,14,18,.778,11,13,24,4,1,3,4,20,46,0,,zellety01
443,Tyler Zeller,29,ATL,C,2,0,11,0,2,.000,0,1,.000,0,1,.000,.000,0,0,,2,4,6,1,0,0,0,4,0,0,,zellety01
443,Tyler Zeller,29,MEM,C,4,1,82,16,28,.571,0,0,,16,28,.571,.571,14,18,.778,9,9,18,3,1,3,4,16,46,0,,zellety01
444,Lonnie Walker IV,20,SAS,SG,17,0,118,16,46,.348,5,13,.385,11,33,.333,.402,8,10,.800,0,17,17,9,7,3,4,7,45,0,,walkelo01
445,Caleb Swanigan,21,2TM,PF,21,0,178,18,53,.340,1,7,.143,17,46,.370,.349,6,9,.667,17,47,64,11,6,1,18,28,43,0,,swanica01
445,Caleb Swanigan,21,POR,PF,18,0,145,14,44,.318,1,5,.200,13,39,.333,.330,6,7,.857,13,39,52,7,4,0,16,22,35,0,,swanica01
445,Caleb Swanigan,21,SAC,PF,3,0,33,4,9,.444,0,2,.000,4,7,.571,.444,0,2,.000,4,8,12,4,2,1,2,6,8,0,,swanica01
446,Drew Eubanks,21,SAS,PF,23,0,113,15,26,.577,0,0,,15,26,.577,.577,11,13,.846,6,28,34,7,2,5,8,11,41,0,,eubandr01
447,Jacob Evans,21,GSW,SG,30,1,204,18,53,.340,4,15,.267,14,38,.368,.377,0,1,.000,6,19,25,23,5,3,11,28,40,0,,evansja02
448,Zhaire Smith,19,PHI,SG,6,2,111,14,34,.412,6,16,.375,8,18,.444,.500,6,8,.750,3,10,13,10,2,2,6,8,40,0,,smithzh01
449,Gary Trent Jr.,20,POR,SG,15,1,111,16,50,.320,5,21,.238,11,29,.379,.370,3,7,.429,1,10,11,5,1,2,4,4,40,0,,trentga02
450,Julian Washburn,27,MEM,SF,18,3,254,16,48,.333,5,24,.208,11,24,.458,.385,3,4,.750,8,33,41,14,13,2,7,16,40,0,,washbju01
451,Andrew Bogut,34,GSW,C,11,5,134,18,36,.500,0,0,,18,36,.500,.500,3,3,1.000,12,43,55,11,3,8,8,22,39,0,,bogutan01
452,Bonzie Colson,23,MIL,SF,8,2,98,13,39,.333,5,21,.238,8,18,.444,.397,8,9,.889,8,22,30,3,5,1,3,3,39,0,,colsobo01
453,Yuta Watanabe,24,MEM,SF,15,0,174,15,51,.294,2,16,.125,13,35,.371,.314,7,10,.700,4,27,31,8,4,1,6,11,39,0,,watanyu01
454,C.J. Williams,28,MIN,SG,15,0,128,17,35,.486,5,16,.313,12,19,.632,.557,0,1,.000,1,7,8,12,6,0,5,16,39,0,,willicj01
455,Rawle Alkins,21,CHI,SG,10,1,120,13,39,.333,3,12,.250,10,27,.370,.372,8,12,.667,11,15,26,13,1,0,8,7,37,0,,alkinra01
456,Deyonta Davis,22,ATL,C,9,0,118,15,22,.682,0,1,.000,15,21,.714,.682,6,10,.600,10,26,36,5,3,5,3,12,36,0,,davisde01
457,James Nunnally,28,2TM,SF,15,0,102,12,34,.353,8,25,.320,4,9,.444,.471,4,4,1.000,0,5,5,7,1,0,1,10,36,0,,nunnaja01
457,James Nunnally,28,MIN,SF,13,0,64,9,21,.429,5,13,.385,4,8,.500,.548,4,4,1.000,0,4,4,5,1,0,1,4,27,0,,nunnaja01
457,James Nunnally,28,HOU,SF,2,0,38,3,13,.231,3,12,.250,0,1,.000,.346,0,0,,0,1,1,2,0,0,0,6,9,0,,nunnaja01
458,Malcolm Miller,25,TOR,SF,10,0,67,11,26,.423,10,21,.476,1,5,.200,.615,3,4,.750,1,4,5,1,1,1,1,5,35,0,,millema01
459,Dairis Bertāns,29,NOP,SG,12,0,167,12,47,.255,10,34,.294,2,13,.154,.362,0,0,,2,7,9,10,1,0,2,7,34,0,,bertada02
460,Deng Adel,21,CLE,SF,19,3,194,11,36,.306,6,23,.261,5,13,.385,.389,4,4,1.000,3,16,19,5,1,4,6,13,32,0,,adelde01
461,Jared Terrell,23,MIN,SG,14,0,111,12,39,.308,4,17,.235,8,22,.364,.359,3,6,.500,1,5,6,12,3,2,10,16,31,0,,terreja01
462,Wade Baldwin,22,POR,PG,16,0,94,10,33,.303,2,9,.222,8,24,.333,.333,8,11,.727,2,13,15,12,1,2,14,11,30,0,,baldwwa01
463,Malachi Richardson,23,TOR,SG,22,0,103,9,29,.310,8,25,.320,1,4,.250,.448,4,5,.800,2,11,13,0,1,0,8,13,30,0,,richama01
464,Jordan Loyd,25,TOR,PG,12,0,55,8,18,.444,4,8,.500,4,10,.400,.556,9,11,.818,1,8,9,6,0,0,2,5,29,0,,loydjo01
465,Daryl Macon,23,DAL,SG,8,0,90,10,27,.370,5,11,.455,5,16,.313,.463,4,7,.571,2,10,12,7,1,0,6,8,29,0,,maconda01
466,Amile Jefferson,25,ORL,PF,12,0,68,10,16,.625,0,0,,10,16,.625,.625,7,8,.875,6,15,21,3,3,3,1,8,27,0,,jeffeam01
467,Jemerrio Jones,23,LAL,SF,6,2,143,12,33,.364,2,10,.200,10,23,.435,.394,1,2,.500,16,33,49,13,7,5,5,10,27,0,,jonesje01
468,Billy Garrett,24,NYK,SG,4,0,63,11,27,.407,0,8,.000,11,19,.579,.407,4,4,1.000,0,3,3,7,1,1,2,3,26,0,,garrebi01
469,Udonis Haslem,38,MIA,C,10,1,74,11,33,.333,0,12,.000,11,21,.524,.333,3,4,.750,3,24,27,2,0,0,3,9,25,0,,hasleud01
470,Jarred Vanderbilt,19,DEN,PF,17,0,69,9,19,.474,0,1,.000,9,18,.500,.474,6,10,.600,7,16,23,3,6,1,8,8,24,0,,vandeja01
471,Brandon Goodwin,23,DEN,PG,16,0,57,6,23,.261,2,6,.333,4,17,.235,.304,9,11,.818,1,2,3,14,0,0,3,7,23,0,,goodwbr01
472,Tyler Lydon,22,DEN,PF,25,0,94,9,18,.500,4,10,.400,5,8,.625,.611,1,3,.333,7,11,18,6,2,0,4,10,23,0,,lydonty01
473,B.J. Johnson,23,2TM,SF,7,0,49,9,18,.500,3,7,.429,6,11,.545,.583,2,2,1.000,2,6,8,0,2,0,2,4,23,0,,johnsbj01
473,B.J. Johnson,23,ATL,SF,6,0,43,8,16,.500,3,6,.500,5,10,.500,.594,2,2,1.000,2,6,8,0,2,0,2,3,21,0,,johnsbj01
473,B.J. Johnson,23,SAC,SF,1,0,6,1,2,.500,0,1,.000,1,1,1.000,.500,0,0,,0,0,0,0,0,0,0,1,2,0,,johnsbj01
474,Jimmer Fredette,29,PHO,SG,6,0,65,8,29,.276,0,13,.000,8,16,.500,.276,6,6,1.000,1,6,7,8,3,0,5,5,22,0,,fredeji01
475,Demetrius Jackson,24,PHI,PG,6,0,39,8,15,.533,2,6,.333,6,9,.667,.600,4,4,1.000,2,1,3,5,2,0,1,4,22,0,,jacksde01
476,Mitch Creek,26,2TM,SF,5,0,48,8,16,.500,0,2,.000,8,14,.571,.500,5,7,.714,6,6,12,6,2,0,1,3,21,0,,creekmi01
476,Mitch Creek,26,BRK,SF,4,0,36,5,10,.500,0,1,.000,5,9,.556,.500,5,7,.714,5,5,10,5,1,0,0,3,15,0,,creekmi01
476,Mitch Creek,26,MIN,SF,1,0,12,3,6,.500,0,1,.000,3,5,.600,.500,0,0,,1,1,2,1,1,0,1,0,6,0,,creekmi01
477,Luc Mbah a Moute,32,LAC,PF,4,0,61,8,18,.444,2,6,.333,6,12,.500,.500,2,5,.400,2,5,7,2,1,1,2,8,20,0,,mbahalu01
478,Isaac Bonga,19,LAL,PG,22,0,120,5,33,.152,0,8,.000,5,25,.200,.152,9,15,.600,9,16,25,15,9,4,6,9,19,0,,bongais01
479,PJ Dozier,22,BOS,SG,6,0,51,8,21,.381,2,8,.250,6,13,.462,.429,1,2,.500,6,11,17,5,2,0,0,2,19,0,,doziepj01
480,Džanan Musa,19,BRK,SG,9,0,39,9,22,.409,1,10,.100,8,12,.667,.432,0,2,.000,1,4,5,2,2,0,4,1,19,0,,musadz01
481,Thomas Welsh,22,DEN,C,11,0,36,7,13,.538,3,7,.429,4,6,.667,.654,1,2,.500,0,4,4,5,0,0,1,3,18,0,,welshth01
482,Alan Williams,26,BRK,PF,5,0,26,8,13,.615,0,1,.000,8,12,.667,.615,2,4,.500,4,15,19,3,1,0,1,2,18,0,,willial03
483,Quincy Acy,28,PHO,PF,10,0,123,4,18,.222,2,15,.133,2,3,.667,.278,7,10,.700,3,22,25,8,1,4,4,24,17,0,,acyqu01
484,Tony Bradley,21,UTA,C,3,0,36,8,16,.500,0,0,,8,16,.500,.500,1,2,.500,9,6,15,1,2,2,3,6,17,0,,bradlto01
485,R.J. Hunter,25,BOS,SG,1,0,26,6,13,.462,4,10,.400,2,3,.667,.615,1,2,.500,1,2,3,3,1,0,0,3,17,0,,hunterj01
486,Naz Mitrou-Long,25,UTA,SG,14,0,84,6,20,.300,2,11,.182,4,9,.444,.350,2,2,1.000,1,5,6,15,1,1,8,10,16,0,,mitrona01
487,Melvin Frazier,22,ORL,SG,10,0,44,7,21,.333,0,6,.000,7,15,.467,.333,1,4,.250,3,2,5,1,1,0,1,6,15,0,,frazime01
488,Isaac Humphries,21,ATL,C,5,1,56,6,21,.286,3,11,.273,3,10,.300,.357,0,0,,4,7,11,0,1,0,0,7,15,0,,humphis01
489,Ron Baker,25,2TM,SG,15,0,152,4,20,.200,1,13,.077,3,7,.429,.225,5,6,.833,1,10,11,15,6,1,5,18,14,0,,bakerro01
489,Ron Baker,25,NYK,SG,11,0,107,4,16,.250,1,9,.111,3,7,.429,.281,5,6,.833,1,6,7,13,5,0,3,16,14,0,,bakerro01
489,Ron Baker,25,WAS,SG,4,0,45,0,4,.000,0,4,.000,0,0,,.000,0,0,,0,4,4,2,1,1,2,2,0,0,,bakerro01
490,Alize Johnson,22,IND,PF,14,0,64,4,16,.250,1,2,.500,3,14,.214,.281,4,8,.500,4,15,19,1,1,3,0,7,13,0,,johnsal02
491,Isaiah Hicks,24,NYK,PF,3,0,32,4,8,.500,0,0,,4,8,.500,.500,4,5,.800,2,5,7,2,1,3,1,5,12,0,,hicksis01
492,Davon Reed,23,IND,SG,10,0,47,5,12,.417,2,4,.500,3,8,.375,.500,0,0,,2,4,6,3,1,0,1,3,12,0,,reedda01
493,Gary Payton II,26,WAS,PG,3,0,16,5,8,.625,1,2,.500,4,6,.667,.688,0,0,,1,1,2,4,3,1,1,2,11,0,,paytoga02
494,Troy Caupain,23,ORL,PG,4,0,16,4,8,.500,2,3,.667,2,5,.400,.625,0,0,,1,2,3,4,1,0,0,0,10,0,,caupatr01
495,Scott Machado,28,LAL,PG,4,0,19,4,6,.667,1,1,1.000,3,5,.600,.750,1,1,1.000,0,0,0,3,1,0,0,2,10,0,,machasc01
496,Jaylen Morris,23,MIL,SG,4,0,29,4,10,.400,1,3,.333,3,7,.429,.450,1,2,.500,0,5,5,4,2,0,1,1,10,0,,morrija01
497,Emanuel Terry,22,2TM,PF,3,0,23,4,7,.571,0,0,,4,7,.571,.571,2,4,.500,3,4,7,2,3,0,2,4,10,0,,terryem01
497,Emanuel Terry,22,PHO,PF,2,0,20,4,6,.667,0,0,,4,6,.667,.667,1,2,.500,2,4,6,1,3,0,2,4,9,0,,terryem01
497,Emanuel Terry,22,MIA,PF,1,0,3,0,1,.000,0,0,,0,1,.000,.000,1,2,.500,1,0,1,1,0,0,0,0,1,0,,terryem01
498,Tyler Cavanaugh,24,UTA,PF,11,0,39,3,10,.300,1,5,.200,2,5,.400,.350,2,2,1.000,3,5,8,1,0,0,1,3,9,0,,cavanty01
499,Haywood Highsmith,22,PHI,SF,5,0,40,4,10,.400,1,5,.200,3,5,.600,.450,0,2,.000,0,5,5,2,1,0,1,1,9,0,,highsha01
500,Nick Young,33,DEN,SG,4,0,37,3,9,.333,3,8,.375,0,1,.000,.500,0,0,,0,1,1,2,0,1,2,4,9,0,,youngni01
501,Dusty Hannahs,25,MEM,SG,2,0,26,3,12,.250,0,5,.000,3,7,.429,.250,2,2,1.000,0,1,1,5,1,0,1,1,8,0,,hannadu01
502,DeVaughn Akoon-Purcell,25,DEN,SG,7,0,22,3,10,.300,0,4,.000,3,6,.500,.300,1,2,.500,1,3,4,6,2,0,2,4,7,0,,akoonde01
503,Eric Moreland,27,2TM,PF,5,0,43,3,7,.429,1,1,1.000,2,6,.333,.500,0,0,,4,16,20,4,1,1,5,9,7,0,,moreler01
503,Eric Moreland,27,PHO,PF,1,0,5,0,0,,0,0,,0,0,,,0,0,,0,3,3,0,0,0,0,1,0,0,,moreler01
503,Eric Moreland,27,TOR,PF,4,0,38,3,7,.429,1,1,1.000,2,6,.333,.500,0,0,,4,13,17,4,1,1,5,8,7,0,,moreler01
504,Chris Chiozza,23,HOU,PG,7,0,33,2,8,.250,2,5,.400,0,3,.000,.375,0,0,,1,3,4,4,1,1,1,2,6,0,,chiozch01
505,Jawun Evans,22,2TM,PG,8,0,65,3,14,.214,0,3,.000,3,11,.273,.214,0,0,,1,11,12,10,3,0,6,8,6,0,,evansja01
505,Jawun Evans,22,PHO,PG,7,0,64,3,13,.231,0,2,.000,3,11,.273,.231,0,0,,1,11,12,10,3,0,6,8,6,0,,evansja01
505,Jawun Evans,22,OKC,PG,1,0,1,0,1,.000,0,1,.000,0,0,,.000,0,0,,0,0,0,0,0,0,0,0,0,0,,evansja01
506,J.P. Macura,23,CHO,SG,2,0,17,3,9,.333,0,4,.000,3,5,.600,.333,0,0,,0,3,3,2,0,0,0,0,6,0,,macurjp01
507,Donatas Motiejūnas,28,SAS,PF,3,0,13,3,6,.500,0,0,,3,6,.500,.500,0,2,.000,2,1,3,1,0,1,3,6,6,0,,motiedo01
508,Trevon Duval,20,MIL,PG,3,0,6,2,3,.667,1,1,1.000,1,2,.500,.833,0,0,,0,1,1,2,0,0,0,0,5,0,,duvaltr01
509,Justin Patton,21,PHI,C,3,0,21,2,7,.286,0,2,.000,2,5,.400,.286,1,2,.500,2,4,6,3,2,0,0,5,5,0,,pattoju01
510,Tahjere McCall,24,BRK,SG,1,0,8,2,3,.667,0,1,.000,2,2,1.000,.667,0,1,.000,0,1,1,0,0,0,0,2,4,0,,mccalta01
511,Ángel Delgado,24,LAC,C,2,0,15,1,5,.200,0,0,,1,5,.200,.200,1,2,.500,2,2,4,0,1,0,0,2,3,0,,delgaan01
512,Vince Edwards,22,HOU,SF,2,0,16,1,4,.250,1,4,.250,0,0,,.375,0,0,,1,1,2,0,0,0,0,0,3,0,,edwarvi01
513,Jordan Sibert,26,ATL,SG,1,0,4,1,1,1.000,1,1,1.000,0,0,,1.500,0,0,,0,0,0,0,0,0,0,0,3,0,,siberjo01
514,Kostas Antetokounmpo,21,DAL,PF,2,0,11,0,3,.000,0,0,,0,3,.000,.000,2,4,.500,0,1,1,0,2,0,1,0,2,0,,antetko01
515,Joe Chealey,23,CHO,PG,1,0,8,1,3,.333,0,0,,1,3,.333,.333,0,0,,0,0,0,1,0,0,0,1,2,0,,chealjo01
516,Terrence Jones,27,HOU,PF,2,0,5,1,4,.250,0,2,.000,1,2,.500,.250,0,1,.000,0,4,4,0,0,0,1,1,2,0,,joneste01
517,Kalin Lucas,29,DET,PG,1,0,6,0,1,.000,0,1,.000,0,0,,.000,2,2,1.000,0,3,3,1,0,0,0,1,2,0,,lucaska01
518,Yante Maten,22,MIA,PF,2,0,13,1,4,.250,0,1,.000,1,3,.333,.250,0,0,,1,2,3,0,1,0,0,0,2,0,,matenya01
519,Zhou Qi,23,HOU,PF,1,0,1,1,1,1.000,0,0,,1,1,1.000,1.000,0,0,,0,0,0,0,0,0,0,0,2,0,,qizh01
520,D.J. Stephens,28,MEM,SG,1,0,7,1,2,.500,0,0,,1,2,.500,.500,0,0,,0,0,0,0,1,0,1,0,2,0,,stephdj01
521,Ike Anigbogu,20,IND,C,3,0,6,0,3,.000,0,0,,0,3,.000,.000,0,0,,1,2,3,1,0,1,1,0,0,0,,anigbik01
522,Tyler Davis,21,OKC,C,1,0,1,0,1,.000,0,0,,0,1,.000,.000,0,0,,1,0,1,0,0,0,0,0,0,0,,davisty01
523,Donte Grantham,23,OKC,SF,3,0,2,0,2,.000,0,2,.000,0,0,,.000,0,0,,0,0,0,0,0,0,0,0,0,0,,grantdo01
524,John Holland,30,CLE,SF,1,0,1,0,0,,0,0,,0,0,,,0,0,,0,0,0,0,0,0,0,0,0,0,,hollajo02
525,Andre Ingram,33,LAL,SG,4,0,15,0,6,.000,0,3,.000,0,3,.000,.000,0,0,,1,1,2,0,1,0,1,0,0,0,,ingraan01
526,George King,25,PHO,SF,1,0,6,0,0,,0,0,,0,0,,,0,0,,0,1,1,0,0,0,0,0,0,0,,kingge03
527,Zach Lofton,26,DET,SG,1,0,4,0,1,.000,0,1,.000,0,0,,.000,0,0,,0,0,0,0,1,0,1,0,0,0,,loftoza01
528,Kobi Simmons,21,CLE,PG,1,0,2,0,0,,0,0,,0,0,,,0,0,,0,0,0,0,0,0,0,0,0,0,,simmoko01
529,Tyler Ulis,23,CHI,PG,1,0,1,0,0,,0,0,,0,0,,,0,0,,0,0,0,0,0,0,0,0,0,0,,ulisty01
530,Okaro White,26,WAS,PF,3,0,6,0,2,.000,0,2,.000,0,0,,.000,0,0,,1,1,2,0,0,0,0,0,0,0,,whiteok01
,League Average,,,,,,,,,.461,,,.355,,,.520,.524,,,.766,,,,,,,,,,,,-9999


Provided by <a href="https://www.sports-reference.com/sharing.html?utm_source=direct&utm_medium=Share&utm_campaign=ShareTool">Basketball-Reference.com</a>: <a href="https://www.basketball-reference.com/leagues/NBA_2019_totals.html?sr&utm_source=direct&utm_medium=Share&utm_campaign=ShareTool#totals_stats">View Original Table</a><br>Generated 8/10/2025.